{"v":"5.5.7","meta":{"g":"LottieFiles AE 0.1.20","a":"","k":"","d":"","tc":""},"fr":30,"ip":0,"op":301,"w":408,"h":713,"nm":"Homem_02_LP","ddd":0,"assets":[{"id":"comp_0","layers":[{"ddd":0,"ind":1,"ty":4,"nm":"Pe_balanco","parent":3,"sr":1,"ks":{"o":{"a":0,"k":100,"ix":11},"r":{"a":1,"k":[{"i":{"x":[0.784],"y":[1.032]},"o":{"x":[0.751],"y":[0]},"t":47,"s":[0]},{"i":{"x":[0.716],"y":[0.975]},"o":{"x":[0.272],"y":[0.026]},"t":71,"s":[-27]},{"i":{"x":[0.599],"y":[1.059]},"o":{"x":[0.282],"y":[-0.041]},"t":104,"s":[37]},{"i":{"x":[0.781],"y":[0.883]},"o":{"x":[0.171],"y":[0.091]},"t":137,"s":[-5]},{"i":{"x":[0.263],"y":[1]},"o":{"x":[0.226],"y":[-0.264]},"t":165,"s":[3.9]},{"t":192,"s":[0]}],"ix":10},"p":{"a":0,"k":[382,879,0],"ix":2},"a":{"a":0,"k":[92,18,0],"ix":1},"s":{"a":0,"k":[100,100,100],"ix":6}},"ao":0,"shapes":[{"ty":"gr","it":[{"ind":0,"ty":"sh","ix":1,"ks":{"a":0,"k":{"i":[[0,0],[0,0],[0.735,0.55],[0,0],[-3.323,11.538],[0,0],[0,0],[0,0],[0.765,-1.023]],"o":[[0,0],[-0.549,0.735],[0,0],[-9.614,-7.192],[0,0],[0,0],[0,0],[0.591,1.132],[0,0]],"v":[[33.87,-20.271],[-33.857,70.256],[-36.182,70.591],[-42.852,65.6],[-53.305,34.478],[-32.437,-21.853],[46.601,-71.14],[56.037,-53.044],[55.751,-49.518]],"c":true},"ix":2},"nm":"Path 1","mn":"ADBE Vector Shape - Group","hd":false},{"ty":"fl","c":{"a":0,"k":[1,0.282000014361,0,1],"ix":4},"o":{"a":0,"k":100,"ix":5},"r":1,"bm":0,"nm":"Fill 1","mn":"ADBE Vector Graphic - Fill","hd":false},{"ty":"tr","p":{"a":0,"k":[57.037,71.417],"ix":2},"a":{"a":0,"k":[0,0],"ix":1},"s":{"a":0,"k":[100,100],"ix":3},"r":{"a":0,"k":0,"ix":6},"o":{"a":0,"k":100,"ix":7},"sk":{"a":0,"k":0,"ix":4},"sa":{"a":0,"k":0,"ix":5},"nm":"Transform"}],"nm":"Group 1","np":2,"cix":2,"bm":0,"ix":1,"mn":"ADBE Vector Group","hd":false}],"ip":0,"op":301,"st":0,"bm":0},{"ddd":0,"ind":2,"ty":4,"nm":"Detalhe_perna","sr":1,"ks":{"o":{"a":0,"k":100,"ix":11},"r":{"a":0,"k":0,"ix":10},"p":{"a":0,"k":[693,839,0],"ix":2},"a":{"a":0,"k":[39,164,0],"ix":1},"s":{"a":0,"k":[100,100,100],"ix":6}},"ao":0,"shapes":[{"ty":"gr","it":[{"ind":0,"ty":"sh","ix":1,"ks":{"a":0,"k":{"i":[[0,0],[13.19,-36.828]],"o":[[0,0],[0,0]],"v":[[-5.607,-43.874],[-6.595,43.874]],"c":false},"ix":2},"nm":"Path 1","mn":"ADBE Vector Shape - Group","hd":false},{"ty":"st","c":{"a":0,"k":[0.40800000359,0.023999999551,0.258999992819,1],"ix":3},"o":{"a":0,"k":100,"ix":4},"w":{"a":0,"k":2,"ix":5},"lc":2,"lj":2,"bm":0,"nm":"Stroke 1","mn":"ADBE Vector Graphic - Stroke","hd":false},{"ty":"tr","p":{"a":0,"k":[65.957,278.921],"ix":2},"a":{"a":0,"k":[0,0],"ix":1},"s":{"a":0,"k":[100,100],"ix":3},"r":{"a":0,"k":0,"ix":6},"o":{"a":0,"k":100,"ix":7},"sk":{"a":0,"k":0,"ix":4},"sa":{"a":0,"k":0,"ix":5},"nm":"Transform"}],"nm":"Group 1","np":2,"cix":2,"bm":0,"ix":1,"mn":"ADBE Vector Group","hd":false},{"ty":"gr","it":[{"ind":0,"ty":"sh","ix":1,"ks":{"a":0,"k":{"i":[[0,0],[0,0]],"o":[[0,0],[0,0]],"v":[[-29.189,-116.757],[29.189,116.757]],"c":false},"ix":2},"nm":"Path 1","mn":"ADBE Vector Shape - Group","hd":false},{"ty":"st","c":{"a":0,"k":[0.40800000359,0.023999999551,0.258999992819,1],"ix":3},"o":{"a":0,"k":100,"ix":4},"w":{"a":0,"k":2,"ix":5},"lc":2,"lj":2,"bm":0,"nm":"Stroke 1","mn":"ADBE Vector Graphic - Stroke","hd":false},{"ty":"tr","p":{"a":0,"k":[31.161,118.291],"ix":2},"a":{"a":0,"k":[0,0],"ix":1},"s":{"a":0,"k":[100,100],"ix":3},"r":{"a":0,"k":0,"ix":6},"o":{"a":0,"k":100,"ix":7},"sk":{"a":0,"k":0,"ix":4},"sa":{"a":0,"k":0,"ix":5},"nm":"Transform"}],"nm":"Group 2","np":2,"cix":2,"bm":0,"ix":2,"mn":"ADBE Vector Group","hd":false}],"ip":0,"op":301,"st":0,"bm":0},{"ddd":0,"ind":3,"ty":4,"nm":"Perna_Balanco","sr":1,"ks":{"o":{"a":0,"k":100,"ix":11},"r":{"a":1,"k":[{"i":{"x":[0.661],"y":[0.947]},"o":{"x":[0.734],"y":[0]},"t":67,"s":[0]},{"i":{"x":[0.76],"y":[1.026]},"o":{"x":[0.444],"y":[-0.048]},"t":106,"s":[14]},{"i":{"x":[0.051],"y":[1]},"o":{"x":[0.239],"y":[0.123]},"t":139,"s":[-3]},{"t":167,"s":[0]}],"ix":10},"p":{"a":0,"k":[611,904.5,0],"ix":2},"a":{"a":0,"k":[177,111.5,0],"ix":1},"s":{"a":0,"k":[100,100,100],"ix":6}},"ao":0,"shapes":[{"ty":"gr","it":[{"ind":0,"ty":"sh","ix":1,"ks":{"a":0,"k":{"i":[[0,0],[-31.05,57.31]],"o":[[0,0],[0,0]],"v":[[-31.255,62.983],[31.255,-62.983]],"c":false},"ix":2},"nm":"Path 1","mn":"ADBE Vector Shape - Group","hd":false},{"ty":"st","c":{"a":0,"k":[0.40800000359,0.023999999551,0.258999992819,1],"ix":3},"o":{"a":0,"k":100,"ix":4},"w":{"a":0,"k":2,"ix":5},"lc":2,"lj":2,"bm":0,"nm":"Stroke 1","mn":"ADBE Vector Graphic - Stroke","hd":false},{"ty":"tr","p":{"a":0,"k":[79.473,141.938],"ix":2},"a":{"a":0,"k":[0,0],"ix":1},"s":{"a":0,"k":[100,100],"ix":3},"r":{"a":0,"k":0,"ix":6},"o":{"a":0,"k":100,"ix":7},"sk":{"a":0,"k":0,"ix":4},"sa":{"a":0,"k":0,"ix":5},"nm":"Transform"}],"nm":"Group 1","np":2,"cix":2,"bm":0,"ix":1,"mn":"ADBE Vector Group","hd":false},{"ty":"gr","it":[{"ind":0,"ty":"sh","ix":1,"ks":{"a":1,"k":[{"i":{"x":0.833,"y":0.833},"o":{"x":0.167,"y":0.167},"t":47,"s":[{"i":[[0,0],[8.201,-16.939],[25.243,-48.84],[-30.418,-86.646],[0,0],[0,0],[0,0],[23.044,66.367],[-34.104,61.759],[-1.581,45.472],[12.796,51.184],[0.216,0.782],[41.607,-12.861],[0,0]],"o":[[0,0],[-12.065,24.921],[-42.401,82.037],[30.418,86.645],[0,0],[0,0],[0,0],[-23.044,-66.367],[34.106,-61.758],[0,0],[-0.2,-0.8],[-11.571,-41.984],[0,0],[0,0]],"v":[[-68.533,-423.445],[-96.719,-355.374],[-154.044,-240.938],[-154.044,-29.854],[117.406,454.872],[178.712,439.323],[196.445,405.584],[43.213,11.625],[40.447,-169.041],[88.642,-292.25],[71.101,-386.865],[70.477,-389.239],[-27.261,-442.011],[-42.327,-437.354]],"c":true}]},{"i":{"x":0.833,"y":0.833},"o":{"x":0.167,"y":0.167},"t":71,"s":[{"i":[[0,0],[8.201,-16.939],[25.243,-48.84],[-30.418,-86.646],[0,0],[0,0],[0,0],[23.044,66.367],[-34.104,61.759],[-1.581,45.472],[12.796,51.184],[0.216,0.782],[41.607,-12.861],[0,0]],"o":[[0,0],[-12.065,24.921],[-42.401,82.037],[30.418,86.645],[0,0],[0,0],[0,0],[-23.044,-66.367],[34.106,-61.758],[0,0],[-0.2,-0.8],[-11.571,-41.984],[0,0],[0,0]],"v":[[-68.533,-423.445],[-96.719,-355.374],[-154.044,-240.938],[-154.044,-29.854],[142.463,489.831],[178.712,439.323],[188.447,407.097],[43.213,11.626],[40.447,-169.041],[88.642,-292.25],[71.101,-386.865],[70.477,-389.239],[-27.261,-442.011],[-42.327,-437.354]],"c":true}]},{"i":{"x":0.833,"y":0.833},"o":{"x":0.167,"y":0.167},"t":104,"s":[{"i":[[0,0],[8.201,-16.939],[25.243,-48.84],[-30.418,-86.646],[0,0],[0,0],[0,0],[23.044,66.367],[-34.104,61.759],[-1.581,45.472],[12.796,51.184],[0.216,0.782],[41.607,-12.861],[0,0]],"o":[[0,0],[-12.065,24.921],[-42.401,82.037],[30.418,86.645],[0,0],[0,0],[0,0],[-23.044,-66.367],[34.106,-61.758],[0,0],[-0.2,-0.8],[-11.571,-41.984],[0,0],[0,0]],"v":[[-68.533,-423.445],[-96.719,-355.374],[-154.044,-240.938],[-154.044,-29.854],[113.828,412.938],[178.712,439.323],[204.412,416.568],[43.213,11.626],[40.447,-169.041],[88.642,-292.25],[65.274,-385.436],[64.65,-387.81],[-27.261,-442.011],[-42.327,-437.354]],"c":true}]},{"i":{"x":0.833,"y":0.833},"o":{"x":0.167,"y":0.167},"t":134,"s":[{"i":[[0,0],[8.201,-16.939],[25.243,-48.84],[-30.418,-86.646],[0,0],[0,0],[0,0],[23.044,66.367],[-34.104,61.759],[-1.581,45.472],[12.796,51.184],[0.216,0.782],[41.607,-12.861],[0,0]],"o":[[0,0],[-12.065,24.921],[-42.401,82.037],[30.418,86.645],[0,0],[0,0],[0,0],[-23.044,-66.367],[34.106,-61.758],[0,0],[-0.2,-0.8],[-11.571,-41.984],[0,0],[0,0]],"v":[[-68.533,-423.445],[-96.719,-355.374],[-154.044,-240.938],[-154.044,-29.854],[123.725,464.795],[178.712,439.323],[195.724,410.059],[43.213,11.626],[40.447,-169.041],[85.173,-292.931],[71.101,-386.865],[70.477,-389.239],[-27.261,-442.011],[-42.327,-437.354]],"c":true}]},{"i":{"x":0.833,"y":0.833},"o":{"x":0.167,"y":0.167},"t":137,"s":[{"i":[[0,0],[8.201,-16.939],[25.243,-48.84],[-30.418,-86.646],[0,0],[0,0],[0,0],[23.044,66.367],[-34.104,61.759],[-1.581,45.472],[12.796,51.184],[0.216,0.782],[41.607,-12.861],[0,0]],"o":[[0,0],[-12.065,24.921],[-42.401,82.037],[30.418,86.645],[0,0],[0,0],[0,0],[-23.044,-66.367],[34.106,-61.758],[0,0],[-0.2,-0.8],[-11.571,-41.984],[0,0],[0,0]],"v":[[-68.533,-423.445],[-96.719,-355.374],[-154.044,-240.938],[-154.044,-29.854],[123.842,464.978],[178.712,439.323],[195.71,410.142],[43.213,11.626],[40.447,-169.041],[85.194,-293.417],[71.101,-386.865],[70.477,-389.239],[-27.261,-442.011],[-42.327,-437.354]],"c":true}]},{"i":{"x":0.833,"y":0.833},"o":{"x":0.167,"y":0.167},"t":139,"s":[{"i":[[0,0],[8.201,-16.939],[25.243,-48.84],[-30.418,-86.646],[0,0],[0,0],[0,0],[23.044,66.367],[-34.104,61.759],[-1.581,45.472],[12.796,51.184],[0.216,0.782],[41.607,-12.861],[0,0]],"o":[[0,0],[-12.065,24.921],[-42.401,82.037],[30.418,86.645],[0,0],[0,0],[0,0],[-23.044,-66.367],[34.106,-61.758],[0,0],[-0.2,-0.8],[-11.571,-41.984],[0,0],[0,0]],"v":[[-68.533,-423.445],[-96.719,-355.374],[-154.044,-240.938],[-154.044,-29.854],[123.608,464.611],[178.712,439.323],[195.737,409.976],[43.213,11.626],[40.447,-169.041],[85.699,-293.406],[71.101,-386.865],[70.477,-389.239],[-27.261,-442.011],[-42.327,-437.354]],"c":true}]},{"t":192,"s":[{"i":[[0,0],[8.201,-16.939],[25.243,-48.84],[-30.418,-86.646],[0,0],[0,0],[0,0],[23.044,66.367],[-34.104,61.759],[-1.581,45.472],[12.796,51.184],[0.216,0.782],[41.607,-12.861],[0,0]],"o":[[0,0],[-12.065,24.921],[-42.401,82.037],[30.418,86.645],[0,0],[0,0],[0,0],[-23.044,-66.367],[34.106,-61.758],[0,0],[-0.2,-0.8],[-11.571,-41.984],[0,0],[0,0]],"v":[[-68.533,-423.445],[-96.719,-355.374],[-154.044,-240.938],[-154.044,-29.854],[117.406,454.872],[178.712,439.323],[196.445,405.584],[43.213,11.625],[40.447,-169.041],[88.642,-292.25],[71.101,-386.865],[70.477,-389.239],[-27.261,-442.011],[-42.327,-437.354]],"c":true}]}],"ix":2},"nm":"Path 1","mn":"ADBE Vector Shape - Group","hd":false},{"ty":"fl","c":{"a":0,"k":[1,0.732999973671,0,1],"ix":4},"o":{"a":0,"k":100,"ix":5},"r":1,"bm":0,"nm":"Fill 1","mn":"ADBE Vector Graphic - Fill","hd":false},{"ty":"tr","p":{"a":0,"k":[197.194,455.692],"ix":2},"a":{"a":0,"k":[0,0],"ix":1},"s":{"a":0,"k":[100,100],"ix":3},"r":{"a":0,"k":0,"ix":6},"o":{"a":0,"k":100,"ix":7},"sk":{"a":0,"k":0,"ix":4},"sa":{"a":0,"k":0,"ix":5},"nm":"Transform"}],"nm":"Group 2","np":2,"cix":2,"bm":0,"ix":2,"mn":"ADBE Vector Group","hd":false}],"ip":0,"op":301,"st":0,"bm":0},{"ddd":0,"ind":4,"ty":4,"nm":"Perna","sr":1,"ks":{"o":{"a":0,"k":100,"ix":11},"r":{"a":0,"k":0,"ix":10},"p":{"a":0,"k":[302,830.5,0],"ix":2},"a":{"a":0,"k":[242,168.5,0],"ix":1},"s":{"a":0,"k":[100,100,100],"ix":6}},"ao":0,"shapes":[{"ty":"gr","it":[{"ind":0,"ty":"sh","ix":1,"ks":{"a":0,"k":{"i":[[0,0],[-42.312,-65.858]],"o":[[0,0],[0,0]],"v":[[-47.237,-58.755],[47.237,58.755]],"c":false},"ix":2},"nm":"Path 1","mn":"ADBE Vector Shape - Group","hd":false},{"ty":"st","c":{"a":0,"k":[0.40800000359,0.023999999551,0.258999992819,1],"ix":3},"o":{"a":0,"k":100,"ix":4},"w":{"a":0,"k":2,"ix":5},"lc":2,"lj":2,"bm":0,"nm":"Stroke 1","mn":"ADBE Vector Graphic - Stroke","hd":false},{"ty":"tr","p":{"a":0,"k":[387.516,104.999],"ix":2},"a":{"a":0,"k":[0,0],"ix":1},"s":{"a":0,"k":[100,100],"ix":3},"r":{"a":0,"k":0,"ix":6},"o":{"a":0,"k":100,"ix":7},"sk":{"a":0,"k":0,"ix":4},"sa":{"a":0,"k":0,"ix":5},"nm":"Transform"}],"nm":"Group 1","np":2,"cix":2,"bm":0,"ix":1,"mn":"ADBE Vector Group","hd":false},{"ty":"gr","it":[{"ind":0,"ty":"sh","ix":1,"ks":{"a":0,"k":{"i":[[0,0],[0,0]],"o":[[0,0],[0,0]],"v":[[422.218,335.922],[1.697,335.922]],"c":false},"ix":2},"nm":"Path 1","mn":"ADBE Vector Shape - Group","hd":false},{"ty":"st","c":{"a":0,"k":[0.40800000359,0.023999999551,0.258999992819,1],"ix":3},"o":{"a":0,"k":100,"ix":4},"w":{"a":0,"k":2,"ix":5},"lc":2,"lj":2,"bm":0,"nm":"Stroke 1","mn":"ADBE Vector Graphic - Stroke","hd":false},{"ty":"tr","p":{"a":0,"k":[0,0],"ix":2},"a":{"a":0,"k":[0,0],"ix":1},"s":{"a":0,"k":[100,100],"ix":3},"r":{"a":0,"k":0,"ix":6},"o":{"a":0,"k":100,"ix":7},"sk":{"a":0,"k":0,"ix":4},"sa":{"a":0,"k":0,"ix":5},"nm":"Transform"}],"nm":"Group 2","np":2,"cix":2,"bm":0,"ix":2,"mn":"ADBE Vector Group","hd":false},{"ty":"gr","it":[{"ind":0,"ty":"sh","ix":1,"ks":{"a":0,"k":{"i":[[0,0],[15.977,23.966]],"o":[[0,0],[0,0]],"v":[[26.674,33.027],[-26.674,-33.027]],"c":false},"ix":2},"nm":"Path 1","mn":"ADBE Vector Shape - Group","hd":false},{"ty":"st","c":{"a":0,"k":[0.40800000359,0.023999999551,0.258999992819,1],"ix":3},"o":{"a":0,"k":100,"ix":4},"w":{"a":0,"k":2,"ix":5},"lc":2,"lj":2,"bm":0,"nm":"Stroke 1","mn":"ADBE Vector Graphic - Stroke","hd":false},{"ty":"tr","p":{"a":0,"k":[234.89,171.692],"ix":2},"a":{"a":0,"k":[0,0],"ix":1},"s":{"a":0,"k":[100,100],"ix":3},"r":{"a":0,"k":0,"ix":6},"o":{"a":0,"k":100,"ix":7},"sk":{"a":0,"k":0,"ix":4},"sa":{"a":0,"k":0,"ix":5},"nm":"Transform"}],"nm":"Group 3","np":2,"cix":2,"bm":0,"ix":3,"mn":"ADBE Vector Group","hd":false},{"ty":"gr","it":[{"ind":0,"ty":"sh","ix":1,"ks":{"a":0,"k":{"i":[[0,0],[0,0],[0,0.918],[0,0],[-11.23,4.251],[0,0],[0,0],[0,0],[1.278,0]],"o":[[0,0],[-0.917,0],[0,0],[0,-12.008],[0,0],[0,0],[0,0],[-0.553,1.152],[0,0]],"v":[[33.179,27.02],[-79.878,27.02],[-81.539,25.36],[-81.539,17.03],[-62.881,-9.984],[-5.274,-27.02],[81.539,6.741],[72.701,25.136],[69.706,27.02]],"c":true},"ix":2},"nm":"Path 1","mn":"ADBE Vector Shape - Group","hd":false},{"ty":"fl","c":{"a":0,"k":[1,0.282000014361,0,1],"ix":4},"o":{"a":0,"k":100,"ix":5},"r":1,"bm":0,"nm":"Fill 1","mn":"ADBE Vector Graphic - Fill","hd":false},{"ty":"tr","p":{"a":0,"k":[183.828,308.902],"ix":2},"a":{"a":0,"k":[0,0],"ix":1},"s":{"a":0,"k":[100,100],"ix":3},"r":{"a":0,"k":0,"ix":6},"o":{"a":0,"k":100,"ix":7},"sk":{"a":0,"k":0,"ix":4},"sa":{"a":0,"k":0,"ix":5},"nm":"Transform"}],"nm":"Group 4","np":2,"cix":2,"bm":0,"ix":4,"mn":"ADBE Vector Group","hd":false},{"ty":"gr","it":[{"ind":0,"ty":"sh","ix":1,"ks":{"a":0,"k":{"i":[[0,0],[17.779,23.693],[9.469,10.027],[16.691,10.226],[17.532,3.947],[16.678,-6.697],[8.979,-24.2],[-0.459,-25.809],[-18.009,-44.536],[0,0],[0,0],[-1.087,51.322],[-63.14,-44.398],[0,0],[0,0]],"o":[[-17.78,-23.693],[-8.278,-11.03],[-13.44,-14.231],[-15.325,-9.388],[-17.533,-3.947],[-23.953,9.617],[-8.98,24.201],[0.853,48.032],[0,0],[0,0],[0,0],[0,0],[0,0],[0,0],[0,0]],"v":[[123.356,3.99],[70.016,-67.09],[43.969,-99.205],[-1.505,-142.087],[-50.758,-163.407],[-103.769,-160.375],[-154.438,-98.09],[-164.44,-21.764],[-138.195,119.121],[-68.615,154.142],[-52.636,147.075],[-56.44,36.151],[82.554,167.354],[125.571,167.354],[164.899,62.888]],"c":true},"ix":2},"nm":"Path 1","mn":"ADBE Vector Shape - Group","hd":false},{"ty":"fl","c":{"a":0,"k":[1,0.732999973671,0,1],"ix":4},"o":{"a":0,"k":100,"ix":5},"r":1,"bm":0,"nm":"Fill 1","mn":"ADBE Vector Graphic - Fill","hd":false},{"ty":"tr","p":{"a":0,"k":[318.003,168.568],"ix":2},"a":{"a":0,"k":[0,0],"ix":1},"s":{"a":0,"k":[100,100],"ix":3},"r":{"a":0,"k":0,"ix":6},"o":{"a":0,"k":100,"ix":7},"sk":{"a":0,"k":0,"ix":4},"sa":{"a":0,"k":0,"ix":5},"nm":"Transform"}],"nm":"Group 5","np":2,"cix":2,"bm":0,"ix":5,"mn":"ADBE Vector Group","hd":false}],"ip":0,"op":301,"st":0,"bm":0},{"ddd":0,"ind":5,"ty":4,"nm":"Braco_MOvimento","sr":1,"ks":{"o":{"a":0,"k":100,"ix":11},"r":{"a":1,"k":[{"i":{"x":[0.268],"y":[1]},"o":{"x":[0.605],"y":[0]},"t":0,"s":[0]},{"i":{"x":[0.833],"y":[1]},"o":{"x":[0.167],"y":[0]},"t":71,"s":[-40]},{"i":{"x":[0.667],"y":[1]},"o":{"x":[0.167],"y":[0]},"t":222,"s":[-40]},{"t":268,"s":[0]}],"ix":10},"p":{"a":1,"k":[{"i":{"x":0.268,"y":1},"o":{"x":0.605,"y":0},"t":0,"s":[357.5,670,0],"to":[0,2.667,0],"ti":[0,-2.667,0]},{"i":{"x":0.268,"y":0.268},"o":{"x":0.167,"y":0.167},"t":71,"s":[357.5,686,0],"to":[0,0,0],"ti":[0,0,0]},{"i":{"x":0.667,"y":1},"o":{"x":0.167,"y":0},"t":222,"s":[357.5,686,0],"to":[0,-2.667,0],"ti":[0,2.667,0]},{"t":268,"s":[357.5,670,0]}],"ix":2},"a":{"a":0,"k":[120.5,323,0],"ix":1},"s":{"a":0,"k":[100,100,100],"ix":6}},"ao":0,"shapes":[{"ty":"gr","it":[{"ind":0,"ty":"sh","ix":1,"ks":{"a":0,"k":{"i":[[0,0],[-5.643,14.134]],"o":[[0,0],[0,0]],"v":[[-24.146,60.375],[24.146,-60.375]],"c":false},"ix":2},"nm":"Path 1","mn":"ADBE Vector Shape - Group","hd":false},{"ty":"st","c":{"a":0,"k":[0.40800000359,0.023999999551,0.258999992819,1],"ix":3},"o":{"a":0,"k":100,"ix":4},"w":{"a":0,"k":2,"ix":5},"lc":2,"lj":2,"bm":0,"nm":"Stroke 1","mn":"ADBE Vector Graphic - Stroke","hd":false},{"ty":"tr","p":{"a":0,"k":[169.496,211.395],"ix":2},"a":{"a":0,"k":[0,0],"ix":1},"s":{"a":0,"k":[100,100],"ix":3},"r":{"a":0,"k":0,"ix":6},"o":{"a":0,"k":100,"ix":7},"sk":{"a":0,"k":0,"ix":4},"sa":{"a":0,"k":0,"ix":5},"nm":"Transform"}],"nm":"Group 1","np":2,"cix":2,"bm":0,"ix":1,"mn":"ADBE Vector Group","hd":false},{"ty":"gr","it":[{"ind":0,"ty":"sh","ix":1,"ks":{"a":0,"k":{"i":[[0,0],[7.588,-26.426]],"o":[[0,0],[0,0]],"v":[[-6.357,-20.51],[-1.23,20.51]],"c":false},"ix":2},"nm":"Path 1","mn":"ADBE Vector Shape - Group","hd":false},{"ty":"st","c":{"a":0,"k":[0.40800000359,0.023999999551,0.258999992819,1],"ix":3},"o":{"a":0,"k":100,"ix":4},"w":{"a":0,"k":2,"ix":5},"lc":2,"lj":2,"bm":0,"nm":"Stroke 1","mn":"ADBE Vector Graphic - Stroke","hd":false},{"ty":"tr","p":{"a":0,"k":[190.931,64.146],"ix":2},"a":{"a":0,"k":[0,0],"ix":1},"s":{"a":0,"k":[100,100],"ix":3},"r":{"a":0,"k":0,"ix":6},"o":{"a":0,"k":100,"ix":7},"sk":{"a":0,"k":0,"ix":4},"sa":{"a":0,"k":0,"ix":5},"nm":"Transform"}],"nm":"Group 2","np":2,"cix":2,"bm":0,"ix":2,"mn":"ADBE Vector Group","hd":false},{"ty":"gr","it":[{"ind":0,"ty":"sh","ix":1,"ks":{"a":0,"k":{"i":[[0,0],[12.459,-26.427]],"o":[[0,0],[0,0]],"v":[[-8.927,-22.889],[-3.531,22.889]],"c":false},"ix":2},"nm":"Path 1","mn":"ADBE Vector Shape - Group","hd":false},{"ty":"st","c":{"a":0,"k":[0.40800000359,0.023999999551,0.258999992819,1],"ix":3},"o":{"a":0,"k":100,"ix":4},"w":{"a":0,"k":2,"ix":5},"lc":2,"lj":2,"bm":0,"nm":"Stroke 1","mn":"ADBE Vector Graphic - Stroke","hd":false},{"ty":"tr","p":{"a":0,"k":[173.497,62.709],"ix":2},"a":{"a":0,"k":[0,0],"ix":1},"s":{"a":0,"k":[100,100],"ix":3},"r":{"a":0,"k":0,"ix":6},"o":{"a":0,"k":100,"ix":7},"sk":{"a":0,"k":0,"ix":4},"sa":{"a":0,"k":0,"ix":5},"nm":"Transform"}],"nm":"Group 3","np":2,"cix":2,"bm":0,"ix":3,"mn":"ADBE Vector Group","hd":false},{"ty":"gr","it":[{"ind":0,"ty":"sh","ix":1,"ks":{"a":0,"k":{"i":[[0,0],[-2.279,2.246],[-0.383,3.177],[3.047,8.359],[3.197,1.681],[1.031,-3.462]],"o":[[1.834,2.622],[2.279,-2.246],[1.064,-8.833],[-1.237,-3.394],[-3.197,-1.681],[0,0]],"v":[[-4.239,21.274],[5.069,21.423],[8.445,12.637],[5.77,-13.673],[-0.479,-22.215],[-9.509,-19.341]],"c":false},"ix":2},"nm":"Path 1","mn":"ADBE Vector Shape - Group","hd":false},{"ty":"fl","c":{"a":0,"k":[0.976000019148,0.569000004787,0.592000026329,1],"ix":4},"o":{"a":0,"k":100,"ix":5},"r":1,"bm":0,"nm":"Fill 1","mn":"ADBE Vector Graphic - Fill","hd":false},{"ty":"tr","p":{"a":0,"k":[193.94,63.38],"ix":2},"a":{"a":0,"k":[0,0],"ix":1},"s":{"a":0,"k":[100,100],"ix":3},"r":{"a":0,"k":0,"ix":6},"o":{"a":0,"k":100,"ix":7},"sk":{"a":0,"k":0,"ix":4},"sa":{"a":0,"k":0,"ix":5},"nm":"Transform"}],"nm":"Group 4","np":2,"cix":2,"bm":0,"ix":4,"mn":"ADBE Vector Group","hd":false},{"ty":"gr","it":[{"ind":0,"ty":"sh","ix":1,"ks":{"a":0,"k":{"i":[[0,0],[0.183,-10.059],[-2.542,-2.561],[-3.333,2.727],[-0.884,4.215],[4.11,8.908],[2.806,2.524],[6.44,-1.27]],"o":[[3.609,9.391],[-0.065,3.607],[3.034,3.056],[3.334,-2.726],[2.013,-9.602],[-1.582,-3.427],[-4.88,-4.391],[0,0]],"v":[[-14.594,-15.626],[-10.538,16.388],[-7.912,26.575],[7.177,25.729],[13.017,14.488],[9.759,-14.263],[3.331,-23.49],[-15.029,-28.361]],"c":false},"ix":2},"nm":"Path 1","mn":"ADBE Vector Shape - Group","hd":false},{"ty":"fl","c":{"a":0,"k":[0.976000019148,0.569000004787,0.592000026329,1],"ix":4},"o":{"a":0,"k":100,"ix":5},"r":1,"bm":0,"nm":"Fill 1","mn":"ADBE Vector Graphic - Fill","hd":false},{"ty":"tr","p":{"a":0,"k":[160.379,62.487],"ix":2},"a":{"a":0,"k":[0,0],"ix":1},"s":{"a":0,"k":[100,100],"ix":3},"r":{"a":0,"k":0,"ix":6},"o":{"a":0,"k":100,"ix":7},"sk":{"a":0,"k":0,"ix":4},"sa":{"a":0,"k":0,"ix":5},"nm":"Transform"}],"nm":"Group 5","np":2,"cix":2,"bm":0,"ix":5,"mn":"ADBE Vector Group","hd":false},{"ty":"gr","it":[{"ind":0,"ty":"sh","ix":1,"ks":{"a":0,"k":{"i":[[0,0],[-4.718,3.742],[-0.349,5.214],[1.578,6.004],[3.379,4.072],[3.355,0.728],[1.203,-3.216]],"o":[[2.636,5.413],[4.094,-3.246],[0.416,-6.193],[-1.344,-5.117],[-2.194,-2.641],[-3.355,-0.729],[0,0]],"v":[[-8.36,20.832],[8.429,24.75],[13.82,10.533],[12.641,-7.969],[5.442,-21.974],[-2.844,-27.763],[-14.236,-23.067]],"c":true},"ix":2},"nm":"Path 1","mn":"ADBE Vector Shape - Group","hd":false},{"ty":"fl","c":{"a":0,"k":[0.976000019148,0.569000004787,0.592000026329,1],"ix":4},"o":{"a":0,"k":100,"ix":5},"r":1,"bm":0,"nm":"Fill 1","mn":"ADBE Vector Graphic - Fill","hd":false},{"ty":"tr","p":{"a":0,"k":[177.995,64.167],"ix":2},"a":{"a":0,"k":[0,0],"ix":1},"s":{"a":0,"k":[100,100],"ix":3},"r":{"a":0,"k":0,"ix":6},"o":{"a":0,"k":100,"ix":7},"sk":{"a":0,"k":0,"ix":4},"sa":{"a":0,"k":0,"ix":5},"nm":"Transform"}],"nm":"Group 6","np":2,"cix":2,"bm":0,"ix":6,"mn":"ADBE Vector Group","hd":false},{"ty":"gr","it":[{"ind":0,"ty":"sh","ix":1,"ks":{"a":0,"k":{"i":[[0,0],[0,0],[1.599,-6.889],[6.551,-0.118],[0,0]],"o":[[0,0],[6.575,2.604],[-1.48,6.383],[0,0],[0,0]],"v":[[-75.767,-46.788],[83.158,16.154],[91.815,32.668],[78.152,43.727],[-93.415,46.788]],"c":false},"ix":2},"nm":"Path 1","mn":"ADBE Vector Shape - Group","hd":false},{"ty":"st","c":{"a":0,"k":[0.40800000359,0.023999999551,0.258999992819,1],"ix":3},"o":{"a":0,"k":100,"ix":4},"w":{"a":0,"k":2,"ix":5},"lc":2,"lj":2,"bm":0,"nm":"Stroke 1","mn":"ADBE Vector Graphic - Stroke","hd":false},{"ty":"tr","p":{"a":0,"k":[123.633,55.609],"ix":2},"a":{"a":0,"k":[0,0],"ix":1},"s":{"a":0,"k":[100,100],"ix":3},"r":{"a":0,"k":0,"ix":6},"o":{"a":0,"k":100,"ix":7},"sk":{"a":0,"k":0,"ix":4},"sa":{"a":0,"k":0,"ix":5},"nm":"Transform"}],"nm":"Group 7","np":2,"cix":2,"bm":0,"ix":7,"mn":"ADBE Vector Group","hd":false},{"ty":"gr","it":[{"ind":0,"ty":"sh","ix":1,"ks":{"a":0,"k":{"i":[[5.887,-25.767],[14.149,3.233],[-5.887,25.767],[-14.15,-3.232]],"o":[[-5.887,25.767],[-14.15,-3.232],[5.887,-25.767],[14.149,3.233]],"v":[[25.62,5.853],[-10.659,46.655],[-25.62,-5.853],[10.66,-46.656]],"c":true},"ix":2},"nm":"Path 1","mn":"ADBE Vector Shape - Group","hd":false},{"ty":"st","c":{"a":0,"k":[0.40800000359,0.023999999551,0.258999992819,1],"ix":3},"o":{"a":0,"k":100,"ix":4},"w":{"a":0,"k":2,"ix":5},"lc":2,"lj":2,"bm":0,"nm":"Stroke 1","mn":"ADBE Vector Graphic - Stroke","hd":false},{"ty":"tr","p":{"a":0,"k":[37.206,55.477],"ix":2},"a":{"a":0,"k":[0,0],"ix":1},"s":{"a":0,"k":[100,100],"ix":3},"r":{"a":0,"k":0,"ix":6},"o":{"a":0,"k":100,"ix":7},"sk":{"a":0,"k":0,"ix":4},"sa":{"a":0,"k":0,"ix":5},"nm":"Transform"}],"nm":"Group 8","np":2,"cix":2,"bm":0,"ix":8,"mn":"ADBE Vector Group","hd":false},{"ty":"gr","it":[{"ind":0,"ty":"sh","ix":1,"ks":{"a":0,"k":{"i":[[0,0],[0,0],[0,0],[0.836,-1.411],[7.368,-35.201],[-12.904,-28.113],[0,0]],"o":[[0,0],[0,0],[-1.59,-0.406],[-7.25,12.234],[-8.296,39.636],[12.905,28.114],[0,0]],"v":[[34.917,26.823],[83.209,-93.928],[-18.782,-119.977],[-22.872,-118.282],[-70.305,-14.195],[-70.305,92.269],[23.254,113.008]],"c":true},"ix":2},"nm":"Path 1","mn":"ADBE Vector Shape - Group","hd":false},{"ty":"fl","c":{"a":0,"k":[0.870999983245,0.435000011968,0.078000005086,1],"ix":4},"o":{"a":0,"k":100,"ix":5},"r":1,"bm":0,"nm":"Fill 1","mn":"ADBE Vector Graphic - Fill","hd":false},{"ty":"tr","p":{"a":0,"k":[110.432,244.947],"ix":2},"a":{"a":0,"k":[0,0],"ix":1},"s":{"a":0,"k":[100,100],"ix":3},"r":{"a":0,"k":0,"ix":6},"o":{"a":0,"k":100,"ix":7},"sk":{"a":0,"k":0,"ix":4},"sa":{"a":0,"k":0,"ix":5},"nm":"Transform"}],"nm":"Group 9","np":2,"cix":2,"bm":0,"ix":9,"mn":"ADBE Vector Group","hd":false},{"ty":"gr","it":[{"ind":0,"ty":"sh","ix":1,"ks":{"a":0,"k":{"i":[[0,0],[4.228,3.518],[-1.419,21.199],[-5.5,6.866],[-6.301,2.92],[-7.052,-2.793],[0,0],[0.106,-11.117],[7.374,-0.132]],"o":[[0,0],[-4.228,-3.518],[1.42,-21.199],[0,0],[6.301,-2.921],[7.053,2.794],[0,0],[-0.107,11.118],[-7.375,0.131]],"v":[[-65.668,46.839],[-89.725,44.815],[-102.423,9.276],[-86.531,-35.782],[-74.735,-45.412],[-56.16,-43.601],[96.502,16.989],[103.736,31.496],[86.414,43.839]],"c":true},"ix":2},"nm":"Path 1","mn":"ADBE Vector Shape - Group","hd":false},{"ty":"fl","c":{"a":0,"k":[1,0.282000014361,0,1],"ix":4},"o":{"a":0,"k":100,"ix":5},"r":1,"bm":0,"nm":"Fill 1","mn":"ADBE Vector Graphic - Fill","hd":false},{"ty":"tr","p":{"a":0,"k":[111.941,55.558],"ix":2},"a":{"a":0,"k":[0,0],"ix":1},"s":{"a":0,"k":[100,100],"ix":3},"r":{"a":0,"k":0,"ix":6},"o":{"a":0,"k":100,"ix":7},"sk":{"a":0,"k":0,"ix":4},"sa":{"a":0,"k":0,"ix":5},"nm":"Transform"}],"nm":"Group 10","np":2,"cix":2,"bm":0,"ix":10,"mn":"ADBE Vector Group","hd":false},{"ty":"gr","it":[{"ind":0,"ty":"sh","ix":1,"ks":{"a":0,"k":{"i":[[0,0],[-2.283,6.137],[-3.496,4.148],[0,0],[7.829,-17.641]],"o":[[2.283,-6.137],[1.892,-5.084],[0,0],[-7.829,17.642],[0,0]],"v":[[-54.839,8.143],[-46.446,-12.393],[-39.103,-26.821],[54.839,-26.103],[31.353,26.821]],"c":true},"ix":2},"nm":"Path 1","mn":"ADBE Vector Shape - Group","hd":false},{"ty":"fl","c":{"a":0,"k":[0.976000019148,0.569000004787,0.592000026329,1],"ix":4},"o":{"a":0,"k":100,"ix":5},"r":1,"bm":0,"nm":"Fill 1","mn":"ADBE Vector Graphic - Fill","hd":false},{"ty":"tr","p":{"a":0,"k":[146.893,119.832],"ix":2},"a":{"a":0,"k":[0,0],"ix":1},"s":{"a":0,"k":[100,100],"ix":3},"r":{"a":0,"k":0,"ix":6},"o":{"a":0,"k":100,"ix":7},"sk":{"a":0,"k":0,"ix":4},"sa":{"a":0,"k":0,"ix":5},"nm":"Transform"}],"nm":"Group 11","np":2,"cix":2,"bm":0,"ix":11,"mn":"ADBE Vector Group","hd":false},{"ty":"gr","it":[{"ind":0,"ty":"sh","ix":1,"ks":{"a":0,"k":{"i":[[0,0],[-6.44,1.271],[0,0]],"o":[[3.501,-5.554],[0,0],[0,0]],"v":[[-9.463,3.011],[6.225,-7.98],[9.463,7.98]],"c":true},"ix":2},"nm":"Path 1","mn":"ADBE Vector Shape - Group","hd":false},{"ty":"fl","c":{"a":0,"k":[0.976000019148,0.569000004787,0.592000026329,1],"ix":4},"o":{"a":0,"k":100,"ix":5},"r":1,"bm":0,"nm":"Fill 1","mn":"ADBE Vector Graphic - Fill","hd":false},{"ty":"tr","p":{"a":0,"k":[139.125,42.106],"ix":2},"a":{"a":0,"k":[0,0],"ix":1},"s":{"a":0,"k":[100,100],"ix":3},"r":{"a":0,"k":0,"ix":6},"o":{"a":0,"k":100,"ix":7},"sk":{"a":0,"k":0,"ix":4},"sa":{"a":0,"k":0,"ix":5},"nm":"Transform"}],"nm":"Group 12","np":2,"cix":2,"bm":0,"ix":12,"mn":"ADBE Vector Group","hd":false}],"ip":0,"op":301,"st":0,"bm":0},{"ddd":0,"ind":6,"ty":4,"nm":"Olhos_Abertos","sr":1,"ks":{"o":{"a":0,"k":100,"ix":11},"r":{"a":0,"k":0,"ix":10},"p":{"a":0,"k":[682.5,1064.5,0],"ix":2},"a":{"a":0,"k":[336.5,732.5,0],"ix":1},"s":{"a":0,"k":[100,100,100],"ix":6}},"ao":0,"shapes":[{"ty":"gr","it":[{"ind":0,"ty":"sh","ix":1,"ks":{"a":0,"k":{"i":[[0,-1.156],[1.155,0],[0,1.156],[-1.156,0]],"o":[[0,1.156],[-1.156,0],[0,-1.156],[1.155,0]],"v":[[2.093,-0.001],[0,2.093],[-2.093,-0.001],[0,-2.093]],"c":true},"ix":2},"nm":"Path 1","mn":"ADBE Vector Shape - Group","hd":false},{"ty":"fl","c":{"a":0,"k":[0.40800000359,0.023999999551,0.258999992819,1],"ix":4},"o":{"a":0,"k":100,"ix":5},"r":1,"bm":0,"nm":"Fill 1","mn":"ADBE Vector Graphic - Fill","hd":false},{"ty":"tr","p":{"a":0,"k":[135.499,93.481],"ix":2},"a":{"a":0,"k":[0,0],"ix":1},"s":{"a":0,"k":[100,100],"ix":3},"r":{"a":0,"k":0,"ix":6},"o":{"a":0,"k":100,"ix":7},"sk":{"a":0,"k":0,"ix":4},"sa":{"a":0,"k":0,"ix":5},"nm":"Transform"}],"nm":"Group 34","np":2,"cix":2,"bm":0,"ix":16,"mn":"ADBE Vector Group","hd":false},{"ty":"gr","it":[{"ind":0,"ty":"sh","ix":1,"ks":{"a":0,"k":{"i":[[0,-1.156],[1.155,0],[0,1.156],[-1.156,0]],"o":[[0,1.156],[-1.156,0],[0,-1.156],[1.155,0]],"v":[[2.093,-0.001],[0,2.093],[-2.093,-0.001],[0,-2.093]],"c":true},"ix":2},"nm":"Path 1","mn":"ADBE Vector Shape - Group","hd":false},{"ty":"fl","c":{"a":0,"k":[0.40800000359,0.023999999551,0.258999992819,1],"ix":4},"o":{"a":0,"k":100,"ix":5},"r":1,"bm":0,"nm":"Fill 1","mn":"ADBE Vector Graphic - Fill","hd":false},{"ty":"tr","p":{"a":0,"k":[108.769,93.171],"ix":2},"a":{"a":0,"k":[0,0],"ix":1},"s":{"a":0,"k":[100,100],"ix":3},"r":{"a":0,"k":0,"ix":6},"o":{"a":0,"k":100,"ix":7},"sk":{"a":0,"k":0,"ix":4},"sa":{"a":0,"k":0,"ix":5},"nm":"Transform"}],"nm":"Group 16","np":2,"cix":2,"bm":0,"ix":17,"mn":"ADBE Vector Group","hd":false}],"ip":32,"op":238,"st":0,"bm":0},{"ddd":0,"ind":7,"ty":4,"nm":"Olhos_piscando 2","sr":1,"ks":{"o":{"a":0,"k":100,"ix":11},"r":{"a":0,"k":0,"ix":10},"p":{"a":0,"k":[682.5,1064.5,0],"ix":2},"a":{"a":0,"k":[336.5,732.5,0],"ix":1},"s":{"a":0,"k":[100,100,100],"ix":6}},"ao":0,"shapes":[{"ty":"gr","it":[{"ind":0,"ty":"sh","ix":1,"ks":{"a":0,"k":{"i":[[0,0],[-6.683,-2.354]],"o":[[0,0],[0,0]],"v":[[-5.936,2.041],[5.936,0.313]],"c":false},"ix":2},"nm":"Path 1","mn":"ADBE Vector Shape - Group","hd":false},{"ty":"st","c":{"a":0,"k":[0.40800000359,0.023999999551,0.258999992819,1],"ix":3},"o":{"a":0,"k":100,"ix":4},"w":{"a":0,"k":2,"ix":5},"lc":2,"lj":2,"bm":0,"nm":"Stroke 1","mn":"ADBE Vector Graphic - Stroke","hd":false},{"ty":"tr","p":{"a":0,"k":[137.658,90.766],"ix":2},"a":{"a":0,"k":[0,0],"ix":1},"s":{"a":0,"k":[100,100],"ix":3},"r":{"a":0,"k":0,"ix":6},"o":{"a":0,"k":100,"ix":7},"sk":{"a":0,"k":0,"ix":4},"sa":{"a":0,"k":0,"ix":5},"nm":"Transform"}],"nm":"Group 12","np":2,"cix":2,"bm":0,"ix":12,"mn":"ADBE Vector Group","hd":false},{"ty":"gr","it":[{"ind":0,"ty":"sh","ix":1,"ks":{"a":0,"k":{"i":[[0,-1.156],[1.155,0],[0,1.156],[-1.156,0]],"o":[[0,1.156],[-1.156,0],[0,-1.156],[1.155,0]],"v":[[2.093,-0.001],[0,2.093],[-2.093,-0.001],[0,-2.093]],"c":true},"ix":2},"nm":"Path 1","mn":"ADBE Vector Shape - Group","hd":false},{"ty":"fl","c":{"a":0,"k":[0.40800000359,0.023999999551,0.258999992819,1],"ix":4},"o":{"a":0,"k":100,"ix":5},"r":1,"bm":0,"nm":"Fill 1","mn":"ADBE Vector Graphic - Fill","hd":false},{"ty":"tr","p":{"a":0,"k":[108.769,93.171],"ix":2},"a":{"a":0,"k":[0,0],"ix":1},"s":{"a":0,"k":[100,100],"ix":3},"r":{"a":0,"k":0,"ix":6},"o":{"a":0,"k":100,"ix":7},"sk":{"a":0,"k":0,"ix":4},"sa":{"a":0,"k":0,"ix":5},"nm":"Transform"}],"nm":"Group 16","np":2,"cix":2,"bm":0,"ix":16,"mn":"ADBE Vector Group","hd":false}],"ip":238,"op":301,"st":222,"bm":0},{"ddd":0,"ind":8,"ty":4,"nm":"Olhos_piscando","sr":1,"ks":{"o":{"a":0,"k":100,"ix":11},"r":{"a":0,"k":0,"ix":10},"p":{"a":0,"k":[682.5,1064.5,0],"ix":2},"a":{"a":0,"k":[336.5,732.5,0],"ix":1},"s":{"a":0,"k":[100,100,100],"ix":6}},"ao":0,"shapes":[{"ty":"gr","it":[{"ind":0,"ty":"sh","ix":1,"ks":{"a":0,"k":{"i":[[0,0],[-6.683,-2.354]],"o":[[0,0],[0,0]],"v":[[-5.936,2.041],[5.936,0.313]],"c":false},"ix":2},"nm":"Path 1","mn":"ADBE Vector Shape - Group","hd":false},{"ty":"st","c":{"a":0,"k":[0.40800000359,0.023999999551,0.258999992819,1],"ix":3},"o":{"a":0,"k":100,"ix":4},"w":{"a":0,"k":2,"ix":5},"lc":2,"lj":2,"bm":0,"nm":"Stroke 1","mn":"ADBE Vector Graphic - Stroke","hd":false},{"ty":"tr","p":{"a":0,"k":[137.658,90.766],"ix":2},"a":{"a":0,"k":[0,0],"ix":1},"s":{"a":0,"k":[100,100],"ix":3},"r":{"a":0,"k":0,"ix":6},"o":{"a":0,"k":100,"ix":7},"sk":{"a":0,"k":0,"ix":4},"sa":{"a":0,"k":0,"ix":5},"nm":"Transform"}],"nm":"Group 12","np":2,"cix":2,"bm":0,"ix":12,"mn":"ADBE Vector Group","hd":false},{"ty":"gr","it":[{"ind":0,"ty":"sh","ix":1,"ks":{"a":0,"k":{"i":[[0,-1.156],[1.155,0],[0,1.156],[-1.156,0]],"o":[[0,1.156],[-1.156,0],[0,-1.156],[1.155,0]],"v":[[2.093,-0.001],[0,2.093],[-2.093,-0.001],[0,-2.093]],"c":true},"ix":2},"nm":"Path 1","mn":"ADBE Vector Shape - Group","hd":false},{"ty":"fl","c":{"a":0,"k":[0.40800000359,0.023999999551,0.258999992819,1],"ix":4},"o":{"a":0,"k":100,"ix":5},"r":1,"bm":0,"nm":"Fill 1","mn":"ADBE Vector Graphic - Fill","hd":false},{"ty":"tr","p":{"a":0,"k":[108.769,93.171],"ix":2},"a":{"a":0,"k":[0,0],"ix":1},"s":{"a":0,"k":[100,100],"ix":3},"r":{"a":0,"k":0,"ix":6},"o":{"a":0,"k":100,"ix":7},"sk":{"a":0,"k":0,"ix":4},"sa":{"a":0,"k":0,"ix":5},"nm":"Transform"}],"nm":"Group 16","np":2,"cix":2,"bm":0,"ix":16,"mn":"ADBE Vector Group","hd":false}],"ip":0,"op":32,"st":0,"bm":0},{"ddd":0,"ind":9,"ty":4,"nm":"Personagem","sr":1,"ks":{"o":{"a":0,"k":100,"ix":11},"r":{"a":0,"k":0,"ix":10},"p":{"a":0,"k":[682.5,1064.5,0],"ix":2},"a":{"a":0,"k":[336.5,732.5,0],"ix":1},"s":{"a":0,"k":[100,100,100],"ix":6}},"ao":0,"shapes":[{"ty":"gr","it":[{"ind":0,"ty":"sh","ix":1,"ks":{"a":0,"k":{"i":[[0,0],[-2.443,3.974],[-2.34,1.957],[-5.356,-0.698],[-3.117,-4.411],[-0.141,-4.747],[2.697,-3.862],[2.755,-1.65],[3.8,0.109],[3.218,2.791],[2.503,3.447]],"o":[[-1.16,-4.518],[1.598,-2.599],[4.143,-3.466],[5.357,0.698],[2.741,3.879],[0.141,4.708],[-1.838,2.633],[-3.262,1.953],[-4.259,-0.123],[-3.22,-2.791],[0,0]],"v":[[-20.366,2.648],[-17.146,-10.576],[-11.354,-17.61],[3.765,-22.015],[17.25,-13.884],[21.386,-0.462],[17.862,12.972],[10.708,19.315],[-0.05,22.604],[-11.542,17.609],[-19.798,7.891]],"c":false},"ix":2},"nm":"Path 1","mn":"ADBE Vector Shape - Group","hd":false},{"ty":"fl","c":{"a":0,"k":[0.40800000359,0.023999999551,0.258999992819,1],"ix":4},"o":{"a":0,"k":100,"ix":5},"r":1,"bm":0,"nm":"Fill 1","mn":"ADBE Vector Graphic - Fill","hd":false},{"ty":"tr","p":{"a":0,"k":[128.283,34.497],"ix":2},"a":{"a":0,"k":[0,0],"ix":1},"s":{"a":0,"k":[100,100],"ix":3},"r":{"a":0,"k":0,"ix":6},"o":{"a":0,"k":100,"ix":7},"sk":{"a":0,"k":0,"ix":4},"sa":{"a":0,"k":0,"ix":5},"nm":"Transform"}],"nm":"Group 1","np":2,"cix":2,"bm":0,"ix":1,"mn":"ADBE Vector Group","hd":false},{"ty":"gr","it":[{"ind":0,"ty":"sh","ix":1,"ks":{"a":0,"k":{"i":[[0,0],[-2.443,3.974],[-2.34,1.957],[-5.356,-0.697],[-3.117,-4.411],[-0.141,-4.747],[2.696,-3.862],[2.755,-1.649],[3.8,0.109],[3.219,2.791],[2.503,3.447]],"o":[[-1.16,-4.518],[1.598,-2.599],[4.143,-3.466],[5.356,0.698],[2.741,3.879],[0.141,4.708],[-1.838,2.632],[-3.261,1.954],[-4.259,-0.124],[-3.219,-2.791],[0,0]],"v":[[-20.366,2.648],[-17.146,-10.576],[-11.354,-17.61],[3.765,-22.016],[17.25,-13.884],[21.386,-0.462],[17.862,12.972],[10.708,19.314],[-0.05,22.604],[-11.543,17.609],[-19.798,7.891]],"c":false},"ix":2},"nm":"Path 1","mn":"ADBE Vector Shape - Group","hd":false},{"ty":"fl","c":{"a":0,"k":[0.40800000359,0.023999999551,0.258999992819,1],"ix":4},"o":{"a":0,"k":100,"ix":5},"r":1,"bm":0,"nm":"Fill 1","mn":"ADBE Vector Graphic - Fill","hd":false},{"ty":"tr","p":{"a":0,"k":[154.645,23.089],"ix":2},"a":{"a":0,"k":[0,0],"ix":1},"s":{"a":0,"k":[100,100],"ix":3},"r":{"a":0,"k":0,"ix":6},"o":{"a":0,"k":100,"ix":7},"sk":{"a":0,"k":0,"ix":4},"sa":{"a":0,"k":0,"ix":5},"nm":"Transform"}],"nm":"Group 2","np":2,"cix":2,"bm":0,"ix":2,"mn":"ADBE Vector Group","hd":false},{"ty":"gr","it":[{"ind":0,"ty":"sh","ix":1,"ks":{"a":0,"k":{"i":[[0,0],[-8.91,-42.402]],"o":[[0,0],[0,0]],"v":[[-29.272,-19.632],[29.272,21.201]],"c":false},"ix":2},"nm":"Path 1","mn":"ADBE Vector Shape - Group","hd":false},{"ty":"st","c":{"a":0,"k":[0.40800000359,0.023999999551,0.258999992819,1],"ix":3},"o":{"a":0,"k":100,"ix":4},"w":{"a":0,"k":2,"ix":5},"lc":2,"lj":2,"bm":0,"nm":"Stroke 1","mn":"ADBE Vector Graphic - Stroke","hd":false},{"ty":"tr","p":{"a":0,"k":[544.182,644.075],"ix":2},"a":{"a":0,"k":[0,0],"ix":1},"s":{"a":0,"k":[100,100],"ix":3},"r":{"a":0,"k":0,"ix":6},"o":{"a":0,"k":100,"ix":7},"sk":{"a":0,"k":0,"ix":4},"sa":{"a":0,"k":0,"ix":5},"nm":"Transform"}],"nm":"Group 5","np":2,"cix":2,"bm":0,"ix":5,"mn":"ADBE Vector Group","hd":false},{"ty":"gr","it":[{"ind":0,"ty":"sh","ix":1,"ks":{"a":0,"k":{"i":[[0,0],[0,0],[0,-14.254]],"o":[[0,0],[14.255,0],[0,0]],"v":[[-30.418,-12.905],[-8.604,-12.905],[30.418,12.905]],"c":false},"ix":2},"nm":"Path 1","mn":"ADBE Vector Shape - Group","hd":false},{"ty":"st","c":{"a":0,"k":[0.40800000359,0.023999999551,0.258999992819,1],"ix":3},"o":{"a":0,"k":100,"ix":4},"w":{"a":0,"k":2,"ix":5},"lc":2,"lj":2,"bm":0,"nm":"Stroke 1","mn":"ADBE Vector Graphic - Stroke","hd":false},{"ty":"tr","p":{"a":0,"k":[498.626,653.017],"ix":2},"a":{"a":0,"k":[0,0],"ix":1},"s":{"a":0,"k":[100,100],"ix":3},"r":{"a":0,"k":0,"ix":6},"o":{"a":0,"k":100,"ix":7},"sk":{"a":0,"k":0,"ix":4},"sa":{"a":0,"k":0,"ix":5},"nm":"Transform"}],"nm":"Group 6","np":2,"cix":2,"bm":0,"ix":6,"mn":"ADBE Vector Group","hd":false},{"ty":"gr","it":[{"ind":0,"ty":"sh","ix":1,"ks":{"a":0,"k":{"i":[[0,0],[-2.722,-7.691]],"o":[[0,0],[0,0]],"v":[[-4.433,-2.421],[4.433,3.845]],"c":false},"ix":2},"nm":"Path 1","mn":"ADBE Vector Shape - Group","hd":false},{"ty":"st","c":{"a":0,"k":[0.40800000359,0.023999999551,0.258999992819,1],"ix":3},"o":{"a":0,"k":100,"ix":4},"w":{"a":0,"k":2,"ix":5},"lc":2,"lj":2,"bm":0,"nm":"Stroke 1","mn":"ADBE Vector Graphic - Stroke","hd":false},{"ty":"tr","p":{"a":0,"k":[188.065,92.147],"ix":2},"a":{"a":0,"k":[0,0],"ix":1},"s":{"a":0,"k":[100,100],"ix":3},"r":{"a":0,"k":0,"ix":6},"o":{"a":0,"k":100,"ix":7},"sk":{"a":0,"k":0,"ix":4},"sa":{"a":0,"k":0,"ix":5},"nm":"Transform"}],"nm":"Group 8","np":2,"cix":2,"bm":0,"ix":8,"mn":"ADBE Vector Group","hd":false},{"ty":"gr","it":[{"ind":0,"ty":"sh","ix":1,"ks":{"a":0,"k":{"i":[[1.296,0.382],[3.322,-2.183],[-0.322,-3.741],[-1.47,-1.483],[0.953,0.961],[-2.412,2.734],[-3.927,-1.159]],"o":[[-3.751,-1.107],[-3.112,2.044],[0.178,2.065],[0.952,0.961],[-2.65,-2.674],[2.824,-3.203],[1.299,0.384]],"v":[[7.545,-8.063],[-3.874,-6.677],[-8.519,2.729],[-6.08,8.209],[-4.596,6.724],[-4.52,-3.379],[6.987,-6.038]],"c":true},"ix":2},"nm":"Path 1","mn":"ADBE Vector Shape - Group","hd":false},{"ty":"fl","c":{"a":0,"k":[0.40800000359,0.023999999551,0.258999992819,1],"ix":4},"o":{"a":0,"k":100,"ix":5},"r":1,"bm":0,"nm":"Fill 1","mn":"ADBE Vector Graphic - Fill","hd":false},{"ty":"tr","p":{"a":0,"k":[187.333,95.249],"ix":2},"a":{"a":0,"k":[0,0],"ix":1},"s":{"a":0,"k":[100,100],"ix":3},"r":{"a":0,"k":0,"ix":6},"o":{"a":0,"k":100,"ix":7},"sk":{"a":0,"k":0,"ix":4},"sa":{"a":0,"k":0,"ix":5},"nm":"Transform"}],"nm":"Group 9","np":2,"cix":2,"bm":0,"ix":9,"mn":"ADBE Vector Group","hd":false},{"ty":"gr","it":[{"ind":0,"ty":"sh","ix":1,"ks":{"a":0,"k":{"i":[[0,0],[-0.835,1.661],[-4.011,1.421],[-2.718,-0.1],[-2.964,-2.957],[-0.692,-1.546],[2.45,-5.422],[1.548,-1.626],[4.29,-1.405],[1.583,-0.02],[2.12,4.787],[0.097,5.234]],"o":[[0.542,-1.779],[1.909,-3.803],[2.564,-0.909],[4.184,0.154],[1.199,1.196],[2.434,5.43],[-0.925,2.046],[-3.112,3.271],[-1.505,0.492],[-5.235,0.067],[-2.119,-4.787],[0,0]],"v":[[-18.043,-4.69],[-16.028,-9.884],[-7.022,-18.486],[1.041,-19.362],[12.697,-15.566],[15.449,-11.327],[15.868,5.989],[12.087,11.524],[0.634,18.491],[-4.011,19.395],[-15.935,10.588],[-18.318,-4.824]],"c":false},"ix":2},"nm":"Path 1","mn":"ADBE Vector Shape - Group","hd":false},{"ty":"fl","c":{"a":0,"k":[0.976000019148,0.569000004787,0.592000026329,1],"ix":4},"o":{"a":0,"k":100,"ix":5},"r":1,"bm":0,"nm":"Fill 1","mn":"ADBE Vector Graphic - Fill","hd":false},{"ty":"tr","p":{"a":0,"k":[185.059,93.567],"ix":2},"a":{"a":0,"k":[0,0],"ix":1},"s":{"a":0,"k":[100,100],"ix":3},"r":{"a":0,"k":0,"ix":6},"o":{"a":0,"k":100,"ix":7},"sk":{"a":0,"k":0,"ix":4},"sa":{"a":0,"k":0,"ix":5},"nm":"Transform"}],"nm":"Group 10","np":2,"cix":2,"bm":0,"ix":10,"mn":"ADBE Vector Group","hd":false},{"ty":"gr","it":[{"ind":0,"ty":"sh","ix":1,"ks":{"a":0,"k":{"i":[[0,0],[-4.405,-3.073],[-1.525,-0.194],[-0.856,1.276],[0.052,1.056],[4.641,2.176],[2.276,-0.286],[0.84,-2.135]],"o":[[3.148,4.352],[1.261,0.879],[1.525,0.193],[0.589,-0.878],[-0.248,-5.12],[-2.077,-0.973],[-2.276,0.287],[0,0]],"v":[[-9.392,-4.765],[1.531,6.974],[5.7,8.833],[9.777,7.233],[10.442,4.188],[1.509,-7.397],[-5.148,-8.74],[-10.493,-4.943]],"c":false},"ix":2},"nm":"Path 1","mn":"ADBE Vector Shape - Group","hd":false},{"ty":"fl","c":{"a":0,"k":[0.40800000359,0.023999999551,0.258999992819,1],"ix":4},"o":{"a":0,"k":100,"ix":5},"r":1,"bm":0,"nm":"Fill 1","mn":"ADBE Vector Graphic - Fill","hd":false},{"ty":"tr","p":{"a":0,"k":[168.211,83.39],"ix":2},"a":{"a":0,"k":[0,0],"ix":1},"s":{"a":0,"k":[100,100],"ix":3},"r":{"a":0,"k":0,"ix":6},"o":{"a":0,"k":100,"ix":7},"sk":{"a":0,"k":0,"ix":4},"sa":{"a":0,"k":0,"ix":5},"nm":"Transform"}],"nm":"Group 11","np":2,"cix":2,"bm":0,"ix":11,"mn":"ADBE Vector Group","hd":false},{"ty":"gr","it":[{"ind":0,"ty":"sh","ix":1,"ks":{"a":0,"k":{"i":[[0,0],[-12.347,-4.756],[-13.204,0.859],[-1.24,1.241],[-0.176,1.133],[2.955,3.528],[10.19,2.876],[10.524,-1.161],[3.493,-3.148]],"o":[[7.214,11.092],[12.348,4.756],[1.75,-0.115],[0.81,-0.811],[0.706,-4.548],[-6.8,-8.116],[-10.189,-2.876],[-4.674,0.516],[0,0]],"v":[[-38.373,-11.371],[-7.638,12.714],[31.388,18.021],[36.282,16.443],[37.667,13.357],[32.908,0.85],[6.337,-15.676],[-25.163,-17.719],[-38.25,-13.121]],"c":false},"ix":2},"nm":"Path 1","mn":"ADBE Vector Shape - Group","hd":false},{"ty":"fl","c":{"a":0,"k":[0.40800000359,0.023999999551,0.258999992819,1],"ix":4},"o":{"a":0,"k":100,"ix":5},"r":1,"bm":0,"nm":"Fill 1","mn":"ADBE Vector Graphic - Fill","hd":false},{"ty":"tr","p":{"a":0,"k":[145.945,63.148],"ix":2},"a":{"a":0,"k":[0,0],"ix":1},"s":{"a":0,"k":[100,100],"ix":3},"r":{"a":0,"k":0,"ix":6},"o":{"a":0,"k":100,"ix":7},"sk":{"a":0,"k":0,"ix":4},"sa":{"a":0,"k":0,"ix":5},"nm":"Transform"}],"nm":"Group 13","np":2,"cix":2,"bm":0,"ix":13,"mn":"ADBE Vector Group","hd":false},{"ty":"gr","it":[{"ind":0,"ty":"sh","ix":1,"ks":{"a":0,"k":{"i":[[0.834,-0.127],[0.764,-0.024],[0.814,0.069],[0.732,0.194],[0.319,0.172],[-0.25,-0.255],[-0.145,-0.294],[0.047,0.157],[-0.003,0.175],[0,0],[-0.083,0.029],[-0.177,0.049],[-0.18,0.037],[-0.09,0.017],[0.153,-0.019],[-0.367,-0.001],[-0.184,-0.011],[-0.091,-0.008],[0.193,0.031],[-0.028,-0.005],[-0.09,-0.019],[-0.178,-0.049],[-0.174,-0.06],[-0.086,-0.033],[0.142,0.062],[-0.024,-0.011],[-0.081,-0.042],[-0.158,-0.094],[-0.15,-0.105],[0.12,0.087],[0.006,0.005],[-0.582,0.633],[0.644,0.536],[3.649,-1.602],[0.034,-0.488],[-0.867,-0.506],[-0.972,-0.122],[-2.106,0.321],[0.229,0.708]],"o":[[-0.607,0.093],[-0.817,0.025],[-0.725,-0.061],[-0.354,-0.094],[-0.103,-0.056],[-0.096,-0.098],[0.074,0.207],[0.024,0.226],[0,0],[-0.24,0.106],[0.173,-0.06],[0.177,-0.049],[0.09,-0.019],[0.134,-0.026],[0.365,-0.046],[0.184,0],[0.092,0.006],[0.038,0.004],[-0.17,-0.027],[0.091,0.016],[0.181,0.038],[0.177,0.05],[0.087,0.03],[0.026,0.01],[-0.143,-0.062],[0.083,0.04],[0.164,0.085],[0.157,0.095],[0.021,0.015],[-0.132,-0.098],[0.602,0.501],[0.509,-0.554],[-3.07,-2.555],[-0.491,0.216],[-0.071,1.043],[0.863,0.504],[2.117,0.264],[0.778,-0.119],[-0.274,-0.848]],"v":[[3.698,-0.12],[1.482,0.072],[-0.966,0.005],[-2.882,-0.302],[-2.975,-0.334],[-3.152,-0.414],[-3.19,-0.433],[-3.15,-0.359],[-3.109,-0.281],[-3.853,1.013],[-3.569,0.909],[-3.043,0.745],[-2.507,0.617],[-2.236,0.566],[-2.227,0.559],[-1.125,0.493],[-0.574,0.511],[-0.298,0.533],[-0.085,0.556],[0.056,0.583],[0.327,0.636],[0.863,0.767],[1.391,0.931],[1.649,1.025],[1.791,1.079],[1.925,1.144],[2.172,1.266],[2.654,1.534],[3.117,1.834],[3.244,1.921],[3.416,2.062],[5.537,2.062],[5.537,-0.06],[-5.367,-1.576],[-6.109,-0.281],[-4.645,2.173],[-1.837,2.914],[4.496,2.773],[5.542,0.928]],"c":true},"ix":2},"nm":"Path 1","mn":"ADBE Vector Shape - Group","hd":false},{"ty":"fl","c":{"a":0,"k":[0.40800000359,0.023999999551,0.258999992819,1],"ix":4},"o":{"a":0,"k":100,"ix":5},"r":1,"bm":0,"nm":"Fill 1","mn":"ADBE Vector Graphic - Fill","hd":false},{"ty":"tr","p":{"a":0,"k":[141.897,79.662],"ix":2},"a":{"a":0,"k":[0,0],"ix":1},"s":{"a":0,"k":[100,100],"ix":3},"r":{"a":0,"k":0,"ix":6},"o":{"a":0,"k":100,"ix":7},"sk":{"a":0,"k":0,"ix":4},"sa":{"a":0,"k":0,"ix":5},"nm":"Transform"}],"nm":"Group 14","np":2,"cix":2,"bm":0,"ix":14,"mn":"ADBE Vector Group","hd":false},{"ty":"gr","it":[{"ind":0,"ty":"sh","ix":1,"ks":{"a":0,"k":{"i":[[0.838,0.09],[-0.253,-0.034],[0.204,0.035],[0.354,0.079],[0.734,0.252],[0.338,0.132],[-0.121,-0.051],[0.094,0.043],[0.153,0.087],[0.104,0.072],[0.052,0.051],[0.092,0.136],[-0.089,-0.188],[-0.046,-0.221],[-0.048,0.17],[0.349,-0.35],[-0.188,0.012],[-0.083,0.006],[-0.188,0.002],[-0.373,-0.046],[-0.166,-0.032],[-0.102,-0.021],[-0.181,-0.05],[-0.348,-0.145],[-0.09,-0.044],[-0.164,-0.094],[-0.157,-0.105],[-0.085,-0.061],[0.139,0.109],[-0.029,-0.025],[-0.062,-0.055],[-0.131,-0.135],[-0.121,-0.143],[-0.052,-0.065],[-0.024,-0.035],[-0.722,0.465],[0.485,0.685],[3.931,-0.617],[0.155,-0.459],[-0.811,-0.704],[-0.968,-0.372],[-1.992,-0.213],[0.034,0.75]],"o":[[-0.053,-0.005],[-0.205,-0.027],[-0.357,-0.061],[-0.757,-0.17],[-0.342,-0.118],[-0.168,-0.069],[-0.096,-0.041],[-0.16,-0.071],[-0.11,-0.063],[0.274,0.189],[0.106,0.152],[-0.079,-0.149],[-0.04,-0.165],[-0.037,0.218],[-0.349,0.349],[0.293,-0.046],[0.083,-0.006],[0.187,-0.015],[0.376,-0.003],[-0.131,-0.016],[0.103,0.02],[0.184,0.038],[0.364,0.1],[-0.284,-0.118],[0.168,0.084],[0.163,0.094],[0.087,0.058],[0.025,0.018],[-0.157,-0.122],[0.064,0.054],[0.139,0.126],[0.131,0.135],[0.054,0.064],[-0.213,-0.261],[0.453,0.638],[0.634,-0.409],[-2.308,-3.253],[-0.52,0.082],[-0.355,1.056],[0.792,0.686],[1.872,0.721],[0.783,0.084],[-0.04,-0.884]],"v":[[3.788,0.631],[3.416,0.59],[2.802,0.495],[1.736,0.284],[-0.502,-0.35],[-1.521,-0.729],[-1.592,-0.756],[-1.876,-0.881],[-2.347,-1.112],[-2.667,-1.316],[-2.834,-1.49],[-2.812,-1.466],[-2.798,-1.408],[-2.788,-1.325],[-2.771,-1.253],[-3.818,-0.205],[-3.782,-0.211],[-3.532,-0.234],[-2.969,-0.259],[-1.844,-0.192],[-1.871,-0.191],[-1.562,-0.133],[-1.014,-0.002],[0.055,0.364],[0.269,0.472],[0.766,0.74],[1.245,1.038],[1.503,1.216],[1.603,1.287],[1.743,1.406],[1.932,1.57],[2.338,1.961],[2.717,2.378],[2.876,2.572],[2.942,2.671],[4.994,3.209],[5.533,1.156],[-4.616,-3.098],[-5.664,-2.051],[-4.735,0.845],[-2.029,2.277],[3.788,3.631],[5.288,2.131]],"c":true},"ix":2},"nm":"Path 1","mn":"ADBE Vector Shape - Group","hd":false},{"ty":"fl","c":{"a":0,"k":[0.40800000359,0.023999999551,0.258999992819,1],"ix":4},"o":{"a":0,"k":100,"ix":5},"r":1,"bm":0,"nm":"Fill 1","mn":"ADBE Vector Graphic - Fill","hd":false},{"ty":"tr","p":{"a":0,"k":[106.604,72.451],"ix":2},"a":{"a":0,"k":[0,0],"ix":1},"s":{"a":0,"k":[100,100],"ix":3},"r":{"a":0,"k":0,"ix":6},"o":{"a":0,"k":100,"ix":7},"sk":{"a":0,"k":0,"ix":4},"sa":{"a":0,"k":0,"ix":5},"nm":"Transform"}],"nm":"Group 15","np":2,"cix":2,"bm":0,"ix":15,"mn":"ADBE Vector Group","hd":false},{"ty":"gr","it":[{"ind":0,"ty":"sh","ix":1,"ks":{"a":0,"k":{"i":[[0,0],[-2.889,5.847]],"o":[[0,0],[0,0]],"v":[[-4.25,1.622],[4.25,-2.924]],"c":false},"ix":2},"nm":"Path 1","mn":"ADBE Vector Shape - Group","hd":false},{"ty":"st","c":{"a":0,"k":[0.40800000359,0.023999999551,0.258999992819,1],"ix":3},"o":{"a":0,"k":100,"ix":4},"w":{"a":0,"k":2,"ix":5},"lc":2,"lj":2,"bm":0,"nm":"Stroke 1","mn":"ADBE Vector Graphic - Stroke","hd":false},{"ty":"tr","p":{"a":0,"k":[124.2,110.153],"ix":2},"a":{"a":0,"k":[0,0],"ix":1},"s":{"a":0,"k":[100,100],"ix":3},"r":{"a":0,"k":0,"ix":6},"o":{"a":0,"k":100,"ix":7},"sk":{"a":0,"k":0,"ix":4},"sa":{"a":0,"k":0,"ix":5},"nm":"Transform"}],"nm":"Group 17","np":2,"cix":2,"bm":0,"ix":17,"mn":"ADBE Vector Group","hd":false},{"ty":"gr","it":[{"ind":0,"ty":"sh","ix":1,"ks":{"a":0,"k":{"i":[[0,0],[2.009,-12.054]],"o":[[0,0],[0,0]],"v":[[2.664,-10.404],[-2.664,10.404]],"c":false},"ix":2},"nm":"Path 1","mn":"ADBE Vector Shape - Group","hd":false},{"ty":"st","c":{"a":0,"k":[0.40800000359,0.023999999551,0.258999992819,1],"ix":3},"o":{"a":0,"k":100,"ix":4},"w":{"a":0,"k":2,"ix":5},"lc":2,"lj":2,"bm":0,"nm":"Stroke 1","mn":"ADBE Vector Graphic - Stroke","hd":false},{"ty":"tr","p":{"a":0,"k":[119.407,95.241],"ix":2},"a":{"a":0,"k":[0,0],"ix":1},"s":{"a":0,"k":[100,100],"ix":3},"r":{"a":0,"k":0,"ix":6},"o":{"a":0,"k":100,"ix":7},"sk":{"a":0,"k":0,"ix":4},"sa":{"a":0,"k":0,"ix":5},"nm":"Transform"}],"nm":"Group 18","np":2,"cix":2,"bm":0,"ix":18,"mn":"ADBE Vector Group","hd":false},{"ty":"gr","it":[{"ind":0,"ty":"sh","ix":1,"ks":{"a":0,"k":{"i":[[0,0],[0,0]],"o":[[0,0],[0,0]],"v":[[671.303,665.922],[367.717,665.922]],"c":false},"ix":2},"nm":"Path 1","mn":"ADBE Vector Shape - Group","hd":false},{"ty":"st","c":{"a":0,"k":[0.40800000359,0.023999999551,0.258999992819,1],"ix":3},"o":{"a":0,"k":100,"ix":4},"w":{"a":0,"k":2,"ix":5},"lc":2,"lj":2,"bm":0,"nm":"Stroke 1","mn":"ADBE Vector Graphic - Stroke","hd":false},{"ty":"tr","p":{"a":0,"k":[0,0],"ix":2},"a":{"a":0,"k":[0,0],"ix":1},"s":{"a":0,"k":[100,100],"ix":3},"r":{"a":0,"k":0,"ix":6},"o":{"a":0,"k":100,"ix":7},"sk":{"a":0,"k":0,"ix":4},"sa":{"a":0,"k":0,"ix":5},"nm":"Transform"}],"nm":"Group 19","np":2,"cix":2,"bm":0,"ix":19,"mn":"ADBE Vector Group","hd":false},{"ty":"gr","it":[{"ind":0,"ty":"sh","ix":1,"ks":{"a":1,"k":[{"i":{"x":0.833,"y":0.833},"o":{"x":0.167,"y":0.167},"t":67,"s":[{"i":[[0,0],[8.201,-16.938],[25.244,-48.84],[-30.418,-86.645],[0,0],[0,0],[0,0],[23.044,66.366],[-24.642,41.348],[-1.581,45.472],[12.796,51.184],[0,0],[0,0]],"o":[[0,0],[-12.065,24.921],[-42.401,82.037],[30.419,86.646],[0,0],[0,0],[0,0],[-23.044,-66.368],[36.117,-60.603],[0,0],[-12.796,-51.185],[0,0],[0,0]],"v":[[-120.268,-354.05],[-96.719,-341.283],[-154.044,-226.847],[-18.044,-192.763],[30.407,-252.037],[-27.288,-208.586],[-18.555,-234.324],[-34.787,-194.283],[40.448,-154.949],[88.642,-278.16],[71.101,-372.774],[47.054,-468.963],[-183.174,-468.963]],"c":true}]},{"i":{"x":0.833,"y":0.833},"o":{"x":0.167,"y":0.167},"t":106,"s":[{"i":[[0,0],[8.201,-16.938],[25.244,-48.84],[-30.418,-86.645],[0,0],[0,0],[0,0],[23.044,66.366],[-35.931,32.029],[-1.581,45.472],[12.796,51.184],[0,0],[0,0]],"o":[[0,0],[-12.065,24.921],[-42.401,82.037],[30.419,86.646],[0,0],[0,0],[0,0],[-23.044,-66.368],[66.358,-59.152],[0,0],[-12.796,-51.185],[0,0],[0,0]],"v":[[-120.268,-354.05],[-96.719,-341.283],[-154.044,-226.847],[-18.044,-192.763],[30.407,-252.037],[-27.288,-208.586],[-18.555,-234.324],[-34.787,-194.283],[13.948,-167.949],[88.642,-278.16],[71.101,-372.774],[47.054,-468.963],[-183.174,-468.963]],"c":true}]},{"i":{"x":0.833,"y":0.833},"o":{"x":0.167,"y":0.167},"t":139,"s":[{"i":[[0,0],[8.201,-16.938],[15.253,-52.82],[-30.418,-86.645],[0,0],[0,0],[0,0],[23.044,66.366],[-35.931,32.029],[-1.581,45.472],[12.796,51.184],[0,0],[0,0]],"o":[[0,0],[-12.065,24.921],[-24.399,84.496],[30.419,86.646],[0,0],[0,0],[0,0],[-23.044,-66.368],[66.358,-59.152],[0,0],[-12.796,-51.185],[0,0],[0,0]],"v":[[-120.268,-354.05],[-96.719,-341.283],[-147.544,-225.597],[-18.044,-192.763],[30.407,-252.037],[-27.288,-208.586],[-18.555,-234.324],[-34.787,-194.283],[13.948,-167.949],[88.642,-278.16],[71.101,-372.774],[47.054,-468.963],[-183.174,-468.963]],"c":true}]},{"t":167,"s":[{"i":[[0,0],[8.201,-16.938],[25.244,-48.84],[-30.418,-86.645],[0,0],[0,0],[0,0],[23.044,66.366],[-24.642,41.348],[-1.581,45.472],[12.796,51.184],[0,0],[0,0]],"o":[[0,0],[-12.065,24.921],[-42.401,82.037],[30.419,86.646],[0,0],[0,0],[0,0],[-23.044,-66.368],[36.117,-60.603],[0,0],[-12.796,-51.185],[0,0],[0,0]],"v":[[-120.268,-354.05],[-96.719,-341.283],[-154.044,-226.847],[-18.044,-192.763],[30.407,-252.037],[-27.288,-208.586],[-18.555,-234.324],[-34.787,-194.283],[40.448,-154.949],[88.642,-278.16],[71.101,-372.774],[47.054,-468.963],[-183.174,-468.963]],"c":true}]}],"ix":2},"nm":"Path 1","mn":"ADBE Vector Shape - Group","hd":false},{"ty":"fl","c":{"a":0,"k":[1,0.732999973671,0,1],"ix":4},"o":{"a":0,"k":100,"ix":5},"r":1,"bm":0,"nm":"Fill 1","mn":"ADBE Vector Graphic - Fill","hd":false},{"ty":"tr","p":{"a":0,"k":[285.194,902.601],"ix":2},"a":{"a":0,"k":[0,0],"ix":1},"s":{"a":0,"k":[100,100],"ix":3},"r":{"a":0,"k":0,"ix":6},"o":{"a":0,"k":100,"ix":7},"sk":{"a":0,"k":0,"ix":4},"sa":{"a":0,"k":0,"ix":5},"nm":"Transform"}],"nm":"Perna","np":2,"cix":2,"bm":0,"ix":20,"mn":"ADBE Vector Group","hd":false},{"ty":"gr","it":[{"ind":0,"ty":"sh","ix":1,"ks":{"a":0,"k":{"i":[[0,0],[-0.801,-17.821]],"o":[[0,0],[0,0]],"v":[[-1.957,-40.865],[1.957,40.865]],"c":false},"ix":2},"nm":"Path 1","mn":"ADBE Vector Shape - Group","hd":false},{"ty":"st","c":{"a":0,"k":[0.40800000359,0.023999999551,0.258999992819,1],"ix":3},"o":{"a":0,"k":100,"ix":4},"w":{"a":0,"k":2,"ix":5},"lc":2,"lj":2,"bm":0,"nm":"Stroke 1","mn":"ADBE Vector Graphic - Stroke","hd":false},{"ty":"tr","p":{"a":0,"k":[77.387,377.411],"ix":2},"a":{"a":0,"k":[0,0],"ix":1},"s":{"a":0,"k":[100,100],"ix":3},"r":{"a":0,"k":0,"ix":6},"o":{"a":0,"k":100,"ix":7},"sk":{"a":0,"k":0,"ix":4},"sa":{"a":0,"k":0,"ix":5},"nm":"Transform"}],"nm":"Group 21","np":2,"cix":2,"bm":0,"ix":21,"mn":"ADBE Vector Group","hd":false},{"ty":"gr","it":[{"ind":0,"ty":"sh","ix":1,"ks":{"a":0,"k":{"i":[[0,0],[4.469,9.112],[4.77,4.327],[5.4,2.205],[4.657,-0.774],[2.238,-1.077],[3.226,-1.896],[2.664,-3.517],[-0.861,-9.466],[-7.22,13.673],[0,0],[0,0]],"o":[[-3.678,-9.458],[-2.836,-5.782],[-4.32,-3.918],[-4.37,-1.786],[-2.45,0.407],[-3.371,1.624],[-3.803,2.236],[-5.74,7.575],[0,0],[0,0],[0,0],[0,0]],"v":[[42.516,23.572],[30.289,-4.298],[19.59,-20.244],[4.438,-28.806],[-9.269,-31.524],[-16.239,-28.966],[-26.191,-23.785],[-36.333,-15.414],[-41.655,13.96],[-20.913,-1.402],[16.857,29.502],[25.944,32.298]],"c":true},"ix":2},"nm":"Path 1","mn":"ADBE Vector Shape - Group","hd":false},{"ty":"fl","c":{"a":0,"k":[0.40800000359,0.023999999551,0.258999992819,1],"ix":4},"o":{"a":0,"k":100,"ix":5},"r":1,"bm":0,"nm":"Fill 1","mn":"ADBE Vector Graphic - Fill","hd":false},{"ty":"tr","p":{"a":0,"k":[148.068,51.741],"ix":2},"a":{"a":0,"k":[0,0],"ix":1},"s":{"a":0,"k":[100,100],"ix":3},"r":{"a":0,"k":0,"ix":6},"o":{"a":0,"k":100,"ix":7},"sk":{"a":0,"k":0,"ix":4},"sa":{"a":0,"k":0,"ix":5},"nm":"Transform"}],"nm":"Group 22","np":2,"cix":2,"bm":0,"ix":22,"mn":"ADBE Vector Group","hd":false},{"ty":"gr","it":[{"ind":0,"ty":"sh","ix":1,"ks":{"a":0,"k":{"i":[[0,0],[1.383,-2.573],[-0.014,-17.472],[-0.575,-3.427],[-9.452,-5.734],[-10.914,1.763],[-8.653,15.44],[-2.052,5.957],[0.963,9.989],[2.806,5.076],[12.205,4.075],[11.741,-5.263]],"o":[[-1.958,2.168],[-8.266,15.393],[0.002,3.474],[1.826,10.904],[9.453,5.733],[3.152,-0.51],[3.08,-5.496],[3.27,-9.488],[-0.557,-5.773],[-6.223,-11.262],[-12.205,-4.075],[0,0]],"v":[[-29.349,-48.058],[-34.257,-40.822],[-44.248,10.079],[-43.605,20.47],[-25.217,46.849],[6.745,52.65],[33.848,35.319],[40.991,18.728],[42.139,-9.77],[36.823,-26.21],[7.832,-50.338],[-29.84,-48.469]],"c":false},"ix":2},"nm":"Path 1","mn":"ADBE Vector Shape - Group","hd":false},{"ty":"fl","c":{"a":0,"k":[0.976000019148,0.569000004787,0.592000026329,1],"ix":4},"o":{"a":0,"k":100,"ix":5},"r":1,"bm":0,"nm":"Fill 1","mn":"ADBE Vector Graphic - Fill","hd":false},{"ty":"tr","p":{"a":0,"k":[141.546,105.121],"ix":2},"a":{"a":0,"k":[0,0],"ix":1},"s":{"a":0,"k":[100,100],"ix":3},"r":{"a":0,"k":0,"ix":6},"o":{"a":0,"k":100,"ix":7},"sk":{"a":0,"k":0,"ix":4},"sa":{"a":0,"k":0,"ix":5},"nm":"Transform"}],"nm":"Group 23","np":2,"cix":2,"bm":0,"ix":23,"mn":"ADBE Vector Group","hd":false},{"ty":"gr","it":[{"ind":0,"ty":"sh","ix":1,"ks":{"a":0,"k":{"i":[[0,0],[0,0],[0,0]],"o":[[39.212,3.271],[0,0],[0,0]],"v":[[-26.486,22.382],[26.486,-25.654],[-26.486,-8.718]],"c":true},"ix":2},"nm":"Path 1","mn":"ADBE Vector Shape - Group","hd":false},{"ty":"fl","c":{"a":0,"k":[0.847000002394,0.451000019148,0.490000017952,1],"ix":4},"o":{"a":0,"k":100,"ix":5},"r":1,"bm":0,"nm":"Fill 1","mn":"ADBE Vector Graphic - Fill","hd":false},{"ty":"tr","p":{"a":0,"k":[150.686,162.719],"ix":2},"a":{"a":0,"k":[0,0],"ix":1},"s":{"a":0,"k":[100,100],"ix":3},"r":{"a":0,"k":0,"ix":6},"o":{"a":0,"k":100,"ix":7},"sk":{"a":0,"k":0,"ix":4},"sa":{"a":0,"k":0,"ix":5},"nm":"Transform"}],"nm":"Group 24","np":2,"cix":2,"bm":0,"ix":24,"mn":"ADBE Vector Group","hd":false},{"ty":"gr","it":[{"ind":0,"ty":"sh","ix":1,"ks":{"a":0,"k":{"i":[[17.714,0],[0,0],[0,17.714],[0,0],[0,0],[0,0]],"o":[[0,0],[-17.714,0],[0,0],[0,0],[0,0],[0,17.714]],"v":[[0,55.077],[0,55.077],[-32.074,23.004],[-32.074,-17.373],[31.791,-55.077],[32.074,23.004]],"c":true},"ix":2},"nm":"Path 1","mn":"ADBE Vector Shape - Group","hd":false},{"ty":"fl","c":{"a":0,"k":[0.976000019148,0.569000004787,0.592000026329,1],"ix":4},"o":{"a":0,"k":100,"ix":5},"r":1,"bm":0,"nm":"Fill 1","mn":"ADBE Vector Graphic - Fill","hd":false},{"ty":"tr","p":{"a":0,"k":[156.274,162.995],"ix":2},"a":{"a":0,"k":[0,0],"ix":1},"s":{"a":0,"k":[100,100],"ix":3},"r":{"a":0,"k":0,"ix":6},"o":{"a":0,"k":100,"ix":7},"sk":{"a":0,"k":0,"ix":4},"sa":{"a":0,"k":0,"ix":5},"nm":"Transform"}],"nm":"Group 25","np":2,"cix":2,"bm":0,"ix":25,"mn":"ADBE Vector Group","hd":false},{"ty":"gr","it":[{"ind":0,"ty":"sh","ix":1,"ks":{"a":0,"k":{"i":[[0,0],[19.849,-17.039],[2.083,-11.713],[-5.442,-30.898],[0,0],[0,0],[0,0],[0,0]],"o":[[0,0],[-21.259,18.25],[-6.166,34.678],[0,0],[0,0],[0,0],[0,0],[0,0]],"v":[[-46.772,-134.347],[-139.235,-117.247],[-166.828,-66.175],[-172.124,25.424],[-151.964,139.877],[177.566,139.877],[143,-21.431],[22.249,-115.912]],"c":true},"ix":2},"nm":"Path 1","mn":"ADBE Vector Shape - Group","hd":false},{"ty":"fl","c":{"a":0,"k":[0.870999983245,0.435000011968,0.078000005086,1],"ix":4},"o":{"a":0,"k":100,"ix":5},"r":1,"bm":0,"nm":"Fill 1","mn":"ADBE Vector Graphic - Fill","hd":false},{"ty":"tr","p":{"a":0,"k":[178.494,316.497],"ix":2},"a":{"a":0,"k":[0,0],"ix":1},"s":{"a":0,"k":[100,100],"ix":3},"r":{"a":0,"k":0,"ix":6},"o":{"a":0,"k":100,"ix":7},"sk":{"a":0,"k":0,"ix":4},"sa":{"a":0,"k":0,"ix":5},"nm":"Transform"}],"nm":"Group 26","np":2,"cix":2,"bm":0,"ix":26,"mn":"ADBE Vector Group","hd":false},{"ty":"gr","it":[{"ind":0,"ty":"sh","ix":1,"ks":{"a":0,"k":{"i":[[0,0],[0.221,1.21],[23.524,77.417],[34.192,19.399],[12.606,3.309],[45.67,6.369],[0,0],[0,0],[0,0]],"o":[[1.23,-0.015],[-14.613,-79.979],[-11.429,-37.613],[-11.335,-6.431],[-44.601,-11.708],[0,0],[0,0],[0,0],[0,0]],"v":[[144.86,197.914],[146.794,195.58],[85.894,-60.736],[25.186,-158.361],[-11.45,-171.68],[-147.015,-198.827],[-40.365,-31.71],[12.248,-25.89],[68.427,198.827]],"c":true},"ix":2},"nm":"Path 1","mn":"ADBE Vector Shape - Group","hd":false},{"ty":"fl","c":{"a":0,"k":[0.870999983245,0.435000011968,0.078000005086,1],"ix":4},"o":{"a":0,"k":100,"ix":5},"r":1,"bm":0,"nm":"Fill 1","mn":"ADBE Vector Graphic - Fill","hd":false},{"ty":"tr","p":{"a":0,"k":[299.178,376.244],"ix":2},"a":{"a":0,"k":[0,0],"ix":1},"s":{"a":0,"k":[100,100],"ix":3},"r":{"a":0,"k":0,"ix":6},"o":{"a":0,"k":100,"ix":7},"sk":{"a":0,"k":0,"ix":4},"sa":{"a":0,"k":0,"ix":5},"nm":"Transform"}],"nm":"Group 27","np":2,"cix":2,"bm":0,"ix":27,"mn":"ADBE Vector Group","hd":false},{"ty":"gr","it":[{"ind":0,"ty":"sh","ix":1,"ks":{"a":0,"k":{"i":[[0,0],[0,0],[-18.589,-1.229],[-15.977,-2.612],[-15.515,-39.328],[0,0],[13.956,59.512]],"o":[[0,0],[0,0],[18.589,1.229],[15.978,2.611],[0,0],[0,0],[0,0]],"v":[[-115.45,-66.981],[-37.151,-24.782],[-13.135,11.522],[47.701,17.207],[115.45,66.981],[-113.472,66.981],[-113.583,-23.87]],"c":true},"ix":2},"nm":"Path 1","mn":"ADBE Vector Shape - Group","hd":false},{"ty":"fl","c":{"a":0,"k":[0.976000019148,0.569000004787,0.592000026329,1],"ix":4},"o":{"a":0,"k":100,"ix":5},"r":1,"bm":0,"nm":"Fill 1","mn":"ADBE Vector Graphic - Fill","hd":false},{"ty":"tr","p":{"a":0,"k":[481.189,598.941],"ix":2},"a":{"a":0,"k":[0,0],"ix":1},"s":{"a":0,"k":[100,100],"ix":3},"r":{"a":0,"k":0,"ix":6},"o":{"a":0,"k":100,"ix":7},"sk":{"a":0,"k":0,"ix":4},"sa":{"a":0,"k":0,"ix":5},"nm":"Transform"}],"nm":"Group 28","np":2,"cix":2,"bm":0,"ix":28,"mn":"ADBE Vector Group","hd":false},{"ty":"gr","it":[{"ind":0,"ty":"sh","ix":1,"ks":{"a":0,"k":{"i":[[0,0],[2.498,3.94],[0.732,2.961],[-2.978,4.506],[-5.332,0.865],[-4.327,-1.956],[-2.286,-4.118],[-0.273,-3.2],[1.766,-3.366],[3.92,-1.667],[4.197,-0.736]],"o":[[-4.568,-0.941],[-1.634,-2.575],[-1.295,-5.244],[2.978,-4.507],[4.688,-0.76],[4.292,1.94],[1.558,2.807],[0.324,3.788],[-1.98,3.773],[-3.92,1.668],[0,0]],"v":[[-6.698,20.012],[-17.166,11.314],[-20.945,3.024],[-18.267,-12.494],[-5.042,-21.043],[8.833,-18.868],[19.358,-9.806],[21.916,-0.594],[20.15,10.517],[10.618,18.651],[-1.738,21.803]],"c":false},"ix":2},"nm":"Path 1","mn":"ADBE Vector Shape - Group","hd":false},{"ty":"fl","c":{"a":0,"k":[0.40800000359,0.023999999551,0.258999992819,1],"ix":4},"o":{"a":0,"k":100,"ix":5},"r":1,"bm":0,"nm":"Fill 1","mn":"ADBE Vector Graphic - Fill","hd":false},{"ty":"tr","p":{"a":0,"k":[114.196,51.013],"ix":2},"a":{"a":0,"k":[0,0],"ix":1},"s":{"a":0,"k":[100,100],"ix":3},"r":{"a":0,"k":0,"ix":6},"o":{"a":0,"k":100,"ix":7},"sk":{"a":0,"k":0,"ix":4},"sa":{"a":0,"k":0,"ix":5},"nm":"Transform"}],"nm":"Group 29","np":2,"cix":2,"bm":0,"ix":29,"mn":"ADBE Vector Group","hd":false},{"ty":"gr","it":[{"ind":0,"ty":"sh","ix":1,"ks":{"a":0,"k":{"i":[[0,0],[-2.444,3.974],[-2.34,1.957],[-5.356,-0.697],[-3.118,-4.411],[-0.141,-4.747],[2.697,-3.862],[2.755,-1.65],[3.8,0.109],[3.219,2.791],[2.503,3.447]],"o":[[-1.16,-4.518],[1.597,-2.599],[4.143,-3.466],[5.357,0.698],[2.74,3.879],[0.141,4.708],[-1.838,2.632],[-3.262,1.953],[-4.259,-0.123],[-3.22,-2.791],[0,0]],"v":[[-20.366,2.648],[-17.145,-10.576],[-11.354,-17.61],[3.765,-22.016],[17.251,-13.884],[21.386,-0.462],[17.862,12.972],[10.708,19.315],[-0.05,22.604],[-11.542,17.609],[-19.798,7.891]],"c":false},"ix":2},"nm":"Path 1","mn":"ADBE Vector Shape - Group","hd":false},{"ty":"fl","c":{"a":0,"k":[0.40800000359,0.023999999551,0.258999992819,1],"ix":4},"o":{"a":0,"k":100,"ix":5},"r":1,"bm":0,"nm":"Fill 1","mn":"ADBE Vector Graphic - Fill","hd":false},{"ty":"tr","p":{"a":0,"k":[200.542,56.888],"ix":2},"a":{"a":0,"k":[0,0],"ix":1},"s":{"a":0,"k":[100,100],"ix":3},"r":{"a":0,"k":0,"ix":6},"o":{"a":0,"k":100,"ix":7},"sk":{"a":0,"k":0,"ix":4},"sa":{"a":0,"k":0,"ix":5},"nm":"Transform"}],"nm":"Group 30","np":2,"cix":2,"bm":0,"ix":30,"mn":"ADBE Vector Group","hd":false},{"ty":"gr","it":[{"ind":0,"ty":"sh","ix":1,"ks":{"a":0,"k":{"i":[[0,0],[-2.443,3.974],[-2.34,1.957],[-5.356,-0.698],[-3.117,-4.411],[-0.143,-4.747],[2.697,-3.862],[2.755,-1.65],[3.8,0.109],[3.218,2.791],[2.503,3.447]],"o":[[-1.16,-4.518],[1.598,-2.599],[4.143,-3.466],[5.356,0.698],[2.741,3.879],[0.14,4.708],[-1.838,2.633],[-3.262,1.953],[-4.259,-0.123],[-3.22,-2.791],[0,0]],"v":[[-20.366,2.648],[-17.146,-10.576],[-11.354,-17.61],[3.765,-22.015],[17.25,-13.884],[21.387,-0.462],[17.862,12.972],[10.708,19.315],[-0.05,22.604],[-11.542,17.609],[-19.798,7.891]],"c":false},"ix":2},"nm":"Path 1","mn":"ADBE Vector Shape - Group","hd":false},{"ty":"fl","c":{"a":0,"k":[0.40800000359,0.023999999551,0.258999992819,1],"ix":4},"o":{"a":0,"k":100,"ix":5},"r":1,"bm":0,"nm":"Fill 1","mn":"ADBE Vector Graphic - Fill","hd":false},{"ty":"tr","p":{"a":0,"k":[192.154,84.62],"ix":2},"a":{"a":0,"k":[0,0],"ix":1},"s":{"a":0,"k":[100,100],"ix":3},"r":{"a":0,"k":0,"ix":6},"o":{"a":0,"k":100,"ix":7},"sk":{"a":0,"k":0,"ix":4},"sa":{"a":0,"k":0,"ix":5},"nm":"Transform"}],"nm":"Group 31","np":2,"cix":2,"bm":0,"ix":31,"mn":"ADBE Vector Group","hd":false},{"ty":"gr","it":[{"ind":0,"ty":"sh","ix":1,"ks":{"a":0,"k":{"i":[[0,0],[-2.443,3.974],[-2.34,1.957],[-5.356,-0.697],[-3.117,-4.411],[-0.141,-4.747],[2.696,-3.862],[2.755,-1.649],[3.8,0.109],[3.218,2.791],[2.503,3.447]],"o":[[-1.16,-4.518],[1.598,-2.599],[4.143,-3.466],[5.357,0.698],[2.741,3.879],[0.141,4.708],[-1.838,2.632],[-3.262,1.953],[-4.258,-0.124],[-3.22,-2.791],[0,0]],"v":[[-20.366,2.648],[-17.146,-10.576],[-11.354,-17.61],[3.765,-22.016],[17.25,-13.884],[21.386,-0.462],[17.862,12.972],[10.708,19.314],[-0.05,22.604],[-11.542,17.609],[-19.798,7.891]],"c":false},"ix":2},"nm":"Path 1","mn":"ADBE Vector Shape - Group","hd":false},{"ty":"fl","c":{"a":0,"k":[0.40800000359,0.023999999551,0.258999992819,1],"ix":4},"o":{"a":0,"k":100,"ix":5},"r":1,"bm":0,"nm":"Fill 1","mn":"ADBE Vector Graphic - Fill","hd":false},{"ty":"tr","p":{"a":0,"k":[176.664,102.497],"ix":2},"a":{"a":0,"k":[0,0],"ix":1},"s":{"a":0,"k":[100,100],"ix":3},"r":{"a":0,"k":0,"ix":6},"o":{"a":0,"k":100,"ix":7},"sk":{"a":0,"k":0,"ix":4},"sa":{"a":0,"k":0,"ix":5},"nm":"Transform"}],"nm":"Group 32","np":2,"cix":2,"bm":0,"ix":32,"mn":"ADBE Vector Group","hd":false},{"ty":"gr","it":[{"ind":0,"ty":"sh","ix":1,"ks":{"a":0,"k":{"i":[[0,0],[-2.444,3.974],[-2.34,1.957],[-5.356,-0.698],[-3.117,-4.411],[-0.142,-4.747],[2.697,-3.862],[2.754,-1.65],[3.8,0.109],[3.219,2.791],[2.503,3.447]],"o":[[-1.16,-4.518],[1.597,-2.599],[4.143,-3.466],[5.357,0.698],[2.741,3.879],[0.141,4.708],[-1.838,2.633],[-3.262,1.953],[-4.258,-0.123],[-3.22,-2.791],[0,0]],"v":[[-20.367,2.648],[-17.145,-10.576],[-11.355,-17.61],[3.764,-22.015],[17.25,-13.884],[21.386,-0.462],[17.862,12.972],[10.708,19.315],[-0.051,22.604],[-11.543,17.609],[-19.799,7.891]],"c":false},"ix":2},"nm":"Path 1","mn":"ADBE Vector Shape - Group","hd":false},{"ty":"fl","c":{"a":0,"k":[0.40800000359,0.023999999551,0.258999992819,1],"ix":4},"o":{"a":0,"k":100,"ix":5},"r":1,"bm":0,"nm":"Fill 1","mn":"ADBE Vector Graphic - Fill","hd":false},{"ty":"tr","p":{"a":0,"k":[181.165,34.497],"ix":2},"a":{"a":0,"k":[0,0],"ix":1},"s":{"a":0,"k":[100,100],"ix":3},"r":{"a":0,"k":0,"ix":6},"o":{"a":0,"k":100,"ix":7},"sk":{"a":0,"k":0,"ix":4},"sa":{"a":0,"k":0,"ix":5},"nm":"Transform"}],"nm":"Group 33","np":2,"cix":2,"bm":0,"ix":33,"mn":"ADBE Vector Group","hd":false}],"ip":0,"op":301,"st":0,"bm":0},{"ddd":0,"ind":10,"ty":4,"nm":"BG","sr":1,"ks":{"o":{"a":0,"k":100,"ix":11},"r":{"a":0,"k":0,"ix":10},"p":{"a":0,"k":[535,473.5,0],"ix":2},"a":{"a":0,"k":[352,351.5,0],"ix":1},"s":{"a":0,"k":[100,100,100],"ix":6}},"ao":0,"shapes":[{"ty":"gr","it":[{"ind":0,"ty":"sh","ix":1,"ks":{"a":0,"k":{"i":[[0,-193.77],[193.77,0],[0,193.771],[-193.77,0]],"o":[[0,193.771],[-193.77,0],[0,-193.77],[193.77,0]],"v":[[350.852,0],[0,350.852],[-350.852,0],[0,-350.852]],"c":true},"ix":2},"nm":"Path 1","mn":"ADBE Vector Shape - Group","hd":false},{"ty":"fl","c":{"a":0,"k":[0.875,0.811999990426,0.851000019148,1],"ix":4},"o":{"a":0,"k":100,"ix":5},"r":1,"bm":0,"nm":"Fill 1","mn":"ADBE Vector Graphic - Fill","hd":false},{"ty":"tr","p":{"a":0,"k":[352.056,351.295],"ix":2},"a":{"a":0,"k":[0,0],"ix":1},"s":{"a":0,"k":[100,100],"ix":3},"r":{"a":0,"k":0,"ix":6},"o":{"a":0,"k":100,"ix":7},"sk":{"a":0,"k":0,"ix":4},"sa":{"a":0,"k":0,"ix":5},"nm":"Transform"}],"nm":"Group 1","np":2,"cix":2,"bm":0,"ix":1,"mn":"ADBE Vector Group","hd":false}],"ip":0,"op":301,"st":0,"bm":0}]}],"layers":[{"ddd":0,"ind":1,"ty":0,"nm":"Ilustracao_03_LP","refId":"comp_0","sr":1,"ks":{"o":{"a":0,"k":100,"ix":11},"r":{"a":0,"k":0,"ix":10},"p":{"a":0,"k":[204,356.5,0],"ix":2},"a":{"a":0,"k":[540,960,0],"ix":1},"s":{"a":0,"k":[41.3,41.3,100],"ix":6}},"ao":0,"w":1080,"h":1920,"ip":0,"op":301,"st":0,"bm":0}],"markers":[]}